{
	"song": {
		"player1": "bf-darkness",
		"events": [],
		"gfVersion": "gf",
		"player2": "tails",
		"notes": [
			{
				"lengthInSteps": 16,
				"sectionNotes": [],
				"mustHitSection": false
			},
			{
				"lengthInSteps": 16,
				"sectionNotes": [
					[
						1948.05194805195,
						3,
						0
					],
					[
						2142.85714285714,
						0,
						0
					],
					[
						2337.66233766234,
						3,
						0
					],
					[
						2532.46753246753,
						2,
						0
					],
					[
						2629.87012987013,
						0,
						0
					],
					[
						2922.07792207792,
						2,
						0
					],
					[
						1558.44155844156,
						0,
						0
					]
				],
				"cameraBeatSpeed": 4,
				"cameraBeatZoom": 1,
				"vignetteShader": false,
				"mustHitSection": false,
				"chromaticAberrationsShader": false,
				"changeCameraBeat": false
			},
			{
				"lengthInSteps": 16,
				"sectionNotes": [
					[
						3214.28571428571,
						0,
						0
					],
					[
						3409.09090909091,
						1,
						0
					],
					[
						3506.49350649351,
						2,
						292.207792207792
					],
					[
						3896.1038961039,
						3,
						0
					],
					[
						3993.50649350649,
						1,
						0
					],
					[
						4188.31168831169,
						0,
						0
					],
					[
						4383.11688311688,
						2,
						0
					],
					[
						4090.90909090909,
						3,
						0
					],
					[
						3116.88311688312,
						3,
						0,
						true,
						false
					],
					[
						4480.51948051948,
						3,
						0,
						false,
						false
					],
					[
						4577.92207792208,
						1,
						0,
						false,
						false
					]
				],
				"mustHitSection": false
			},
			{
				"lengthInSteps": 16,
				"sectionNotes": [
					[
						4870.12987012987,
						3,
						0
					],
					[
						5064.93506493507,
						2,
						0
					],
					[
						5162.33766233766,
						0,
						0
					],
					[
						5259.74025974026,
						3,
						0
					],
					[
						5357.14285714286,
						2,
						0
					],
					[
						5454.54545454545,
						0,
						0
					],
					[
						5649.35064935065,
						1,
						0
					],
					[
						5746.75324675325,
						3,
						0
					],
					[
						5844.15584415585,
						2,
						0
					],
					[
						5941.55844155844,
						0,
						0
					],
					[
						6038.96103896104,
						2,
						0
					],
					[
						6136.36363636364,
						3,
						0
					],
					[
						4675.32467532468,
						2,
						0,
						true,
						false
					]
				],
				"mustHitSection": false
			},
			{
				"lengthInSteps": 16,
				"sectionNotes": [
					[
						6331.16883116883,
						0,
						0
					],
					[
						6428.57142857143,
						1,
						0
					],
					[
						6525.97402597403,
						3,
						0
					],
					[
						6623.37662337662,
						1,
						0
					],
					[
						6720.77922077922,
						0,
						0
					],
					[
						6818.18181818182,
						2,
						0
					],
					[
						6915.58441558442,
						3,
						0
					],
					[
						7305.1948051948,
						1,
						0
					],
					[
						7402.5974025974,
						2,
						0
					],
					[
						7500,
						3,
						0
					],
					[
						7597.4025974026,
						2,
						0
					],
					[
						7694.8051948052,
						1,
						0
					],
					[
						7207.79220779221,
						0,
						0,
						false
					],
					[
						7110.38961038961,
						3,
						0,
						false
					],
					[
						6233.76623376623,
						1,
						0,
						true,
						false
					],
					[
						7012.98701298701,
						1,
						0,
						true,
						false
					]
				],
				"mustHitSection": false
			},
			{
				"lengthInSteps": 16,
				"sectionNotes": [
					[
						8181.81818181818,
						3,
						0,
						false
					],
					[
						8376.62337662338,
						0,
						0,
						false
					],
					[
						8571.42857142857,
						3,
						0,
						false
					],
					[
						8766.23376623377,
						2,
						0,
						false
					],
					[
						8863.63636363636,
						0,
						0,
						false
					],
					[
						9155.84415584416,
						2,
						0,
						false
					],
					[
						7792.20779220779,
						0,
						0,
						true,
						false
					]
				],
				"mustHitSection": true
			},
			{
				"lengthInSteps": 16,
				"sectionNotes": [
					[
						9448.05194805195,
						0,
						0,
						false
					],
					[
						9642.85714285714,
						1,
						0,
						false
					],
					[
						9740.25974025974,
						2,
						292.207792207792,
						false
					],
					[
						10129.8701298701,
						3,
						0,
						false
					],
					[
						10227.2727272727,
						1,
						0,
						false
					],
					[
						10422.0779220779,
						0,
						0,
						false
					],
					[
						10616.8831168831,
						2,
						0,
						false
					],
					[
						10324.6753246753,
						3,
						0,
						false
					],
					[
						9350.64935064935,
						3,
						0,
						true,
						false
					],
					[
						10714.2857142857,
						3,
						0,
						false,
						false
					],
					[
						10811.6883116883,
						1,
						0,
						false,
						false
					]
				],
				"mustHitSection": true
			},
			{
				"lengthInSteps": 16,
				"sectionNotes": [
					[
						11103.8961038961,
						3,
						0,
						false
					],
					[
						11298.7012987013,
						2,
						0,
						false
					],
					[
						11396.1038961039,
						0,
						0,
						false
					],
					[
						11493.5064935065,
						3,
						0,
						false
					],
					[
						11590.9090909091,
						2,
						0,
						false
					],
					[
						11688.3116883117,
						0,
						0,
						false
					],
					[
						11883.1168831169,
						1,
						0,
						false
					],
					[
						11980.5194805195,
						3,
						0,
						false
					],
					[
						12077.9220779221,
						2,
						0,
						false
					],
					[
						12175.3246753247,
						0,
						0,
						false
					],
					[
						12272.7272727273,
						2,
						0,
						false
					],
					[
						12370.1298701299,
						3,
						0,
						false
					],
					[
						10909.0909090909,
						2,
						0,
						true,
						false
					]
				],
				"mustHitSection": true
			},
			{
				"lengthInSteps": 16,
				"sectionNotes": [
					[
						12564.9350649351,
						0,
						0,
						false
					],
					[
						12662.3376623377,
						1,
						0,
						false
					],
					[
						12759.7402597403,
						3,
						0,
						false
					],
					[
						12857.1428571429,
						1,
						0,
						false
					],
					[
						12954.5454545455,
						0,
						0,
						false
					],
					[
						13051.9480519481,
						2,
						0,
						false
					],
					[
						13149.3506493507,
						3,
						0,
						false
					],
					[
						13538.961038961,
						1,
						0,
						false
					],
					[
						13636.3636363636,
						2,
						0,
						false
					],
					[
						13733.7662337662,
						3,
						0,
						false
					],
					[
						13831.1688311688,
						2,
						0,
						false
					],
					[
						13928.5714285714,
						1,
						0,
						false
					],
					[
						13344.1558441558,
						3,
						0,
						false
					],
					[
						13441.5584415584,
						0,
						0,
						false
					],
					[
						12467.5324675325,
						1,
						0,
						true,
						false
					],
					[
						13246.7532467532,
						1,
						0,
						true,
						false
					]
				],
				"mustHitSection": true
			},
			{
				"lengthInSteps": 16,
				"sectionNotes": [
					[
						14415.5844155844,
						2,
						0
					],
					[
						14610.3896103896,
						0,
						0
					],
					[
						14805.1948051948,
						3,
						0
					],
					[
						15389.6103896104,
						3,
						0
					],
					[
						14025.974025974,
						3,
						0,
						true,
						false
					],
					[
						15000,
						0,
						0,
						false,
						false
					],
					[
						15097.4025974026,
						1,
						0,
						false,
						false
					]
				],
				"mustHitSection": false
			},
			{
				"lengthInSteps": 16,
				"sectionNotes": [
					[
						15974.025974026,
						3,
						0
					],
					[
						16071.4285714286,
						2,
						0
					],
					[
						16168.8311688312,
						1,
						0
					],
					[
						16266.2337662338,
						2,
						0
					],
					[
						16461.038961039,
						1,
						0
					],
					[
						16558.4415584416,
						2,
						0
					],
					[
						15681.8181818182,
						1,
						0
					],
					[
						15779.2207792208,
						2,
						0
					],
					[
						15876.6233766234,
						1,
						0
					],
					[
						16655.8441558442,
						3,
						0
					],
					[
						15584.4155844156,
						0,
						0,
						true,
						false
					],
					[
						16363.6363636364,
						0,
						0,
						true,
						false
					],
					[
						16753.2467532468,
						0,
						0,
						false,
						false
					],
					[
						16850.6493506493,
						1,
						0,
						false,
						false
					],
					[
						16948.0519480519,
						3,
						0,
						false,
						false
					],
					[
						17045.4545454545,
						2,
						0,
						false,
						false
					]
				],
				"mustHitSection": false
			},
			{
				"lengthInSteps": 16,
				"sectionNotes": [
					[
						17337.6623376623,
						3,
						0
					],
					[
						17532.4675324675,
						0,
						0
					],
					[
						17629.8701298701,
						1,
						0
					],
					[
						17727.2727272727,
						3,
						0
					],
					[
						17824.6753246753,
						0,
						0
					],
					[
						17922.0779220779,
						2,
						0
					],
					[
						18116.8831168831,
						3,
						0
					],
					[
						18214.2857142857,
						0,
						0
					],
					[
						18311.6883116883,
						3,
						0
					],
					[
						18409.0909090909,
						1,
						0
					],
					[
						18506.4935064935,
						2,
						0
					],
					[
						18603.8961038961,
						0,
						0
					],
					[
						17142.8571428571,
						0,
						0,
						true,
						false
					]
				],
				"mustHitSection": false
			},
			{
				"lengthInSteps": 16,
				"sectionNotes": [
					[
						18798.7012987013,
						3,
						0
					],
					[
						18896.1038961039,
						1,
						0
					],
					[
						18993.5064935065,
						0,
						0
					],
					[
						19090.9090909091,
						1,
						0,
						false
					],
					[
						19285.7142857143,
						2,
						0,
						false
					],
					[
						19480.5194805195,
						0,
						0,
						false
					],
					[
						19675.3246753247,
						3,
						0,
						false
					],
					[
						19870.1298701299,
						1,
						0,
						false
					],
					[
						20064.9350649351,
						0,
						0,
						false
					],
					[
						18701.2987012987,
						1,
						0,
						true,
						false
					]
				],
				"mustHitSection": false
			},
			{
				"lengthInSteps": 16,
				"sectionNotes": [
					[
						20649.3506493507,
						2,
						0,
						false
					],
					[
						20844.1558441558,
						0,
						0,
						false
					],
					[
						21038.961038961,
						3,
						0,
						false
					],
					[
						21623.3766233766,
						3,
						0,
						false
					],
					[
						20259.7402597403,
						3,
						0,
						true,
						false
					],
					[
						21233.7662337662,
						0,
						0,
						false,
						false
					],
					[
						21331.1688311688,
						1,
						0,
						false,
						false
					]
				],
				"mustHitSection": true
			},
			{
				"lengthInSteps": 16,
				"sectionNotes": [
					[
						22207.7922077922,
						3,
						0,
						false
					],
					[
						22305.1948051948,
						2,
						0,
						false
					],
					[
						22402.5974025974,
						1,
						0,
						false
					],
					[
						22500,
						2,
						0,
						false
					],
					[
						22694.8051948052,
						1,
						0,
						false
					],
					[
						22792.2077922078,
						2,
						0,
						false
					],
					[
						21915.5844155844,
						1,
						0,
						false
					],
					[
						22012.987012987,
						2,
						0,
						false
					],
					[
						22110.3896103896,
						1,
						0,
						false
					],
					[
						22889.6103896104,
						3,
						0,
						false
					],
					[
						21818.1818181818,
						0,
						0,
						true,
						false
					],
					[
						22597.4025974026,
						0,
						0,
						true,
						false
					],
					[
						23084.4155844156,
						1,
						0,
						false,
						false
					],
					[
						22987.012987013,
						0,
						0,
						false,
						false
					],
					[
						23181.8181818182,
						3,
						0,
						false,
						false
					],
					[
						23279.2207792208,
						2,
						0,
						false,
						false
					]
				],
				"mustHitSection": true
			},
			{
				"lengthInSteps": 16,
				"sectionNotes": [
					[
						23571.4285714286,
						3,
						0,
						false
					],
					[
						23766.2337662338,
						0,
						0,
						false
					],
					[
						23863.6363636364,
						1,
						0,
						false
					],
					[
						23961.038961039,
						3,
						0,
						false
					],
					[
						24058.4415584416,
						0,
						0,
						false
					],
					[
						24155.8441558442,
						2,
						0,
						false
					],
					[
						24350.6493506494,
						3,
						0,
						false
					],
					[
						24448.051948052,
						0,
						0,
						false
					],
					[
						24545.4545454545,
						3,
						0,
						false
					],
					[
						24642.8571428571,
						1,
						0,
						false
					],
					[
						24740.2597402597,
						2,
						0,
						false
					],
					[
						24837.6623376623,
						0,
						0,
						false
					],
					[
						23376.6233766234,
						0,
						0,
						false,
						false
					]
				],
				"mustHitSection": true
			},
			{
				"lengthInSteps": 16,
				"sectionNotes": [
					[
						25032.4675324675,
						3,
						0,
						false
					],
					[
						25129.8701298701,
						1,
						0,
						false
					],
					[
						25227.2727272727,
						0,
						0,
						false
					],
					[
						25324.6753246753,
						1,
						0,
						false
					],
					[
						25519.4805194805,
						2,
						0,
						false
					],
					[
						25714.2857142857,
						0,
						0,
						false
					],
					[
						25909.0909090909,
						3,
						0,
						false
					],
					[
						26103.8961038961,
						1,
						0,
						false
					],
					[
						26298.7012987013,
						0,
						0,
						false
					],
					[
						24935.0649350649,
						1,
						0,
						true,
						false
					]
				],
				"mustHitSection": true
			},
			{
				"lengthInSteps": 16,
				"sectionNotes": [
					[
						26688.3116883117,
						2,
						0,
						false
					],
					[
						26883.1168831169,
						0,
						0,
						false
					],
					[
						27077.9220779221,
						3,
						0,
						false
					],
					[
						27467.5324675325,
						2,
						0,
						false
					],
					[
						27662.3376623377,
						0,
						0,
						false
					],
					[
						27857.1428571429,
						3,
						0,
						false
					],
					[
						26493.5064935065,
						2,
						0,
						true,
						false
					],
					[
						27272.7272727273,
						1,
						0,
						true,
						false
					]
				],
				"mustHitSection": false
			},
			{
				"lengthInSteps": 16,
				"sectionNotes": [
					[
						28051.9480519481,
						1,
						487.012987012987,
						false
					],
					[
						29025.974025974,
						2,
						0,
						false
					],
					[
						28636.3636363636,
						0,
						0,
						false,
						false
					],
					[
						28831.1688311688,
						3,
						0,
						false,
						false
					],
					[
						28051.9480519481,
						2,
						0,
						true,
						false
					],
					[
						29415.5844155844,
						2,
						0,
						false,
						false
					],
					[
						29220.7792207792,
						0,
						0,
						false,
						false
					]
				],
				"mustHitSection": false
			},
			{
				"lengthInSteps": 16,
				"sectionNotes": [
					[
						29610.3896103896,
						0,
						292.207792207792,
						false
					],
					[
						30000,
						2,
						292.207792207792,
						false
					],
					[
						30389.6103896104,
						1,
						292.207792207792,
						false
					],
					[
						30779.2207792208,
						3,
						292.207792207792,
						false
					],
					[
						29610.3896103896,
						1,
						0,
						true,
						false
					]
				],
				"mustHitSection": false
			},
			{
				"lengthInSteps": 16,
				"sectionNotes": [
					[
						31168.8311688312,
						2,
						292.207792207792,
						false
					],
					[
						31558.4415584416,
						1,
						292.207792207792,
						false
					],
					[
						31948.051948052,
						3,
						0,
						false
					],
					[
						32142.8571428571,
						1,
						0,
						false
					],
					[
						32337.6623376623,
						2,
						0,
						false
					],
					[
						32532.4675324675,
						0,
						0,
						false
					],
					[
						31168.8311688312,
						0,
						0,
						true,
						false
					]
				],
				"mustHitSection": false
			},
			{
				"lengthInSteps": 16,
				"sectionNotes": [
					[
						32922.0779220779,
						2,
						0
					],
					[
						33116.8831168831,
						0,
						0
					],
					[
						33311.6883116883,
						3,
						0
					],
					[
						33701.2987012987,
						2,
						0
					],
					[
						33896.1038961039,
						0,
						0
					],
					[
						34090.9090909091,
						3,
						0
					],
					[
						32727.2727272727,
						2,
						0,
						true,
						false
					],
					[
						32727.2727272727,
						6,
						1461.03896103896,
						false,
						false
					],
					[
						33506.4935064935,
						1,
						0,
						true,
						false
					]
				],
				"mustHitSection": true
			},
			{
				"lengthInSteps": 16,
				"sectionNotes": [
					[
						34285.7142857143,
						1,
						487.012987012987
					],
					[
						35259.7402597403,
						2,
						0
					],
					[
						34285.7142857143,
						5,
						1461.03896103896,
						false
					],
					[
						34870.1298701299,
						0,
						0,
						false,
						false
					],
					[
						35064.9350649351,
						3,
						0,
						false,
						false
					],
					[
						34285.7142857143,
						2,
						0,
						true,
						false
					],
					[
						35454.5454545455,
						0,
						0,
						false,
						false
					],
					[
						35649.3506493507,
						2,
						0,
						false,
						false
					]
				],
				"mustHitSection": true
			},
			{
				"lengthInSteps": 16,
				"sectionNotes": [
					[
						35844,
						4,
						292
					],
					[
						36233,
						6,
						292
					],
					[
						36623,
						5,
						292
					],
					[
						37012,
						7,
						292
					],
					[
						35844,
						3,
						1461,
						0
					],
					[
						35844.1558441559,
						5,
						0,
						true,
						false
					]
				],
				"mustHitSection": false
			},
			{
				"lengthInSteps": 16,
				"sectionNotes": [
					[
						37402.5974025974,
						2,
						292.207792207792
					],
					[
						37792.2077922078,
						1,
						292.207792207792
					],
					[
						38181.8181818182,
						3,
						0
					],
					[
						38376.6233766234,
						1,
						0
					],
					[
						38571.4285714286,
						2,
						0
					],
					[
						38766.2337662338,
						0,
						0
					],
					[
						37402.5974025974,
						4,
						681.818181818182,
						false
					],
					[
						38181.8181818182,
						5,
						681.818181818182,
						false
					],
					[
						37402.5974025974,
						0,
						0,
						true,
						false
					]
				],
				"mustHitSection": true
			},
			{
				"lengthInSteps": 16,
				"sectionNotes": [
					[
						38961.038961039,
						0,
						292.207792207792,
						false
					],
					[
						39350.6493506494,
						2,
						292.207792207792,
						false
					],
					[
						39935.0649350649,
						0,
						0,
						false
					],
					[
						40129.8701298701,
						1,
						0,
						false
					],
					[
						40324.6753246753,
						3,
						0,
						false
					],
					[
						39740.2597402598,
						3,
						0,
						true,
						false
					],
					[
						38961.038961039,
						3,
						0,
						true,
						false
					]
				],
				"mustHitSection": false
			},
			{
				"lengthInSteps": 16,
				"sectionNotes": [
					[
						40714.2857142857,
						0,
						0,
						false
					],
					[
						40909.0909090909,
						2,
						0,
						false
					],
					[
						41103.8961038961,
						1,
						0,
						false
					],
					[
						41493.5064935065,
						1,
						0,
						false
					],
					[
						41688.3116883117,
						3,
						0,
						false
					],
					[
						41883.1168831169,
						0,
						0,
						false
					],
					[
						40519.4805194805,
						2,
						0,
						true,
						false
					],
					[
						41298.7012987013,
						3,
						0,
						true,
						false
					]
				],
				"mustHitSection": false
			},
			{
				"lengthInSteps": 16,
				"sectionNotes": [
					[
						42272.7272727273,
						1,
						0,
						false
					],
					[
						42467.5324675325,
						2,
						0,
						false
					],
					[
						42662.3376623377,
						0,
						0,
						false
					],
					[
						43051.9480519481,
						1,
						0,
						false
					],
					[
						43246.7532467533,
						3,
						0,
						false
					],
					[
						43441.5584415585,
						2,
						0,
						false
					],
					[
						42077.9220779221,
						2,
						0,
						true,
						false
					],
					[
						42857.1428571429,
						2,
						0,
						true,
						false
					]
				],
				"mustHitSection": false
			},
			{
				"lengthInSteps": 16,
				"sectionNotes": [
					[
						44025.9740259741,
						1,
						0,
						false
					],
					[
						44220.7792207792,
						2,
						0,
						false
					],
					[
						44415.5844155844,
						1,
						681.818181818182,
						false
					],
					[
						43831.1688311689,
						3,
						0,
						false
					],
					[
						43636.3636363637,
						0,
						0,
						true,
						false
					]
				],
				"mustHitSection": false
			},
			{
				"lengthInSteps": 16,
				"sectionNotes": [
					[
						45194.8051948052,
						6,
						292.207792207792,
						false
					],
					[
						45194.8051948052,
						0,
						292.207792207792
					],
					[
						45584.4155844156,
						2,
						292.207792207792
					],
					[
						46168.8311688312,
						0,
						0
					],
					[
						46363.6363636364,
						1,
						0
					],
					[
						46558.4415584416,
						3,
						0
					],
					[
						45974.025974026,
						3,
						0,
						true,
						false
					],
					[
						45194.8051948052,
						3,
						0,
						true,
						false
					]
				],
				"mustHitSection": true
			},
			{
				"lengthInSteps": 16,
				"sectionNotes": [
					[
						46948.051948052,
						0,
						0
					],
					[
						47142.8571428572,
						2,
						0
					],
					[
						47337.6623376624,
						1,
						0
					],
					[
						47727.2727272727,
						1,
						0
					],
					[
						47922.0779220779,
						3,
						0
					],
					[
						48116.8831168831,
						0,
						0
					],
					[
						46753.2467532468,
						2,
						0,
						true,
						false
					],
					[
						47532.4675324676,
						3,
						0,
						true,
						false
					]
				],
				"mustHitSection": true
			},
			{
				"lengthInSteps": 16,
				"sectionNotes": [
					[
						48506.4935064935,
						1,
						0
					],
					[
						48701.2987012987,
						2,
						0
					],
					[
						48896.1038961039,
						0,
						0
					],
					[
						49285.7142857143,
						1,
						0
					],
					[
						49480.5194805195,
						3,
						0
					],
					[
						49675.3246753247,
						2,
						0
					],
					[
						48311.6883116883,
						2,
						0,
						true,
						false
					],
					[
						49090.9090909091,
						2,
						0,
						true,
						false
					]
				],
				"mustHitSection": true
			},
			{
				"lengthInSteps": 16,
				"sectionNotes": [
					[
						50259.7402597403,
						1,
						0
					],
					[
						50454.5454545455,
						2,
						0
					],
					[
						50649.3506493507,
						1,
						681.818181818182
					],
					[
						50064.9350649351,
						3,
						0
					],
					[
						49870.1298701299,
						0,
						0,
						true,
						false
					]
				],
				"mustHitSection": true
			},
			{
				"lengthInSteps": 16,
				"sectionNotes": [
					[
						51818.1818181818,
						3,
						0
					],
					[
						52012.987012987,
						0,
						0
					],
					[
						52402.5974025974,
						2,
						0
					],
					[
						52500,
						0,
						0
					],
					[
						52792.2077922078,
						2,
						0
					],
					[
						51428.5714285715,
						0,
						0,
						true,
						false
					],
					[
						52207.7922077922,
						3,
						0,
						true,
						false
					]
				],
				"mustHitSection": false
			},
			{
				"lengthInSteps": 16,
				"sectionNotes": [
					[
						53084.4155844156,
						0,
						0
					],
					[
						53376.6233766234,
						2,
						292.207792207792
					],
					[
						53863.6363636364,
						1,
						0
					],
					[
						54058.4415584416,
						0,
						0
					],
					[
						53961.038961039,
						3,
						0
					],
					[
						52987.012987013,
						3,
						0,
						true,
						false
					],
					[
						53766.2337662338,
						3,
						0,
						true,
						false
					],
					[
						54350.6493506494,
						3,
						0,
						false,
						false
					],
					[
						54448.051948052,
						1,
						0,
						false,
						false
					],
					[
						53279.2207792208,
						1,
						0,
						true,
						false
					],
					[
						54253.2467532468,
						2,
						0,
						true,
						false
					]
				],
				"mustHitSection": false
			},
			{
				"lengthInSteps": 16,
				"sectionNotes": [
					[
						54740.2597402597,
						3,
						0
					],
					[
						54935.0649350649,
						2,
						0
					],
					[
						55032.4675324675,
						0,
						0
					],
					[
						55129.8701298701,
						3,
						0
					],
					[
						55519.4805194805,
						1,
						0
					],
					[
						55616.8831168831,
						3,
						0
					],
					[
						55714.2857142857,
						2,
						0
					],
					[
						55811.6883116883,
						0,
						0
					],
					[
						55909.0909090909,
						2,
						0
					],
					[
						56006.4935064935,
						3,
						0
					],
					[
						54545.4545454546,
						2,
						0,
						true,
						false
					],
					[
						55227.2727272728,
						2,
						0,
						false,
						false
					],
					[
						55324.6753246754,
						0,
						0,
						true,
						false
					]
				],
				"mustHitSection": false
			},
			{
				"lengthInSteps": 16,
				"sectionNotes": [
					[
						56201.2987012987,
						0,
						0
					],
					[
						56298.7012987013,
						1,
						0
					],
					[
						56396.1038961039,
						3,
						0
					],
					[
						56590.9090909091,
						0,
						0
					],
					[
						56688.3116883117,
						2,
						0
					],
					[
						56785.7142857143,
						3,
						0
					],
					[
						57175.3246753247,
						1,
						0
					],
					[
						57370.1298701299,
						3,
						0
					],
					[
						57467.5324675325,
						2,
						0
					],
					[
						57564.9350649351,
						1,
						0
					],
					[
						57077.9220779221,
						0,
						0
					],
					[
						56980.5194805195,
						3,
						0
					],
					[
						56103.8961038962,
						1,
						0,
						true,
						false
					],
					[
						56883.1168831169,
						1,
						0,
						true,
						false
					],
					[
						56493.5064935065,
						1,
						0,
						true,
						false
					],
					[
						57272.7272727273,
						2,
						0,
						true,
						false
					]
				],
				"mustHitSection": false
			},
			{
				"lengthInSteps": 16,
				"sectionNotes": [
					[
						58051.9480519481,
						3,
						0
					],
					[
						58246.7532467533,
						0,
						0
					],
					[
						58636.3636363636,
						2,
						0
					],
					[
						58733.7662337662,
						0,
						0
					],
					[
						59025.974025974,
						2,
						0
					],
					[
						57662.3376623377,
						0,
						0,
						true,
						false
					],
					[
						58441.5584415585,
						3,
						0,
						true,
						false
					]
				],
				"mustHitSection": true
			},
			{
				"lengthInSteps": 16,
				"sectionNotes": [
					[
						59318.1818181818,
						0,
						0
					],
					[
						59610.3896103896,
						2,
						292.207792207792
					],
					[
						60097.4025974026,
						1,
						0
					],
					[
						60292.2077922078,
						0,
						0
					],
					[
						60194.8051948052,
						3,
						0
					],
					[
						59220.7792207793,
						3,
						0,
						true,
						false
					],
					[
						59512.9870129871,
						1,
						0,
						true,
						false
					],
					[
						60000.0000000001,
						3,
						0,
						true,
						false
					],
					[
						60487.012987013,
						2,
						0,
						true,
						false
					],
					[
						60584.4155844156,
						3,
						0,
						false,
						false
					],
					[
						60681.8181818182,
						1,
						0,
						false,
						false
					]
				],
				"mustHitSection": true
			},
			{
				"lengthInSteps": 16,
				"sectionNotes": [
					[
						60974.025974026,
						3,
						0
					],
					[
						61168.8311688312,
						2,
						0
					],
					[
						61266.2337662338,
						0,
						0
					],
					[
						61363.6363636364,
						3,
						0
					],
					[
						61461.038961039,
						2,
						0
					],
					[
						61753.2467532468,
						1,
						0
					],
					[
						61850.6493506494,
						3,
						0
					],
					[
						61948.051948052,
						2,
						0
					],
					[
						62045.4545454546,
						0,
						0
					],
					[
						62142.8571428571,
						2,
						0
					],
					[
						62240.2597402597,
						3,
						0
					],
					[
						60779.2207792208,
						2,
						0,
						true,
						false
					],
					[
						61558.4415584416,
						0,
						0,
						true,
						false
					]
				],
				"mustHitSection": true
			},
			{
				"lengthInSteps": 16,
				"sectionNotes": [
					[
						62435.0649350649,
						0,
						0
					],
					[
						62532.4675324675,
						1,
						0
					],
					[
						62629.8701298701,
						3,
						0
					],
					[
						62824.6753246753,
						0,
						0
					],
					[
						62922.0779220779,
						2,
						0
					],
					[
						63019.4805194805,
						3,
						0
					],
					[
						63409.0909090909,
						1,
						0
					],
					[
						63603.8961038961,
						3,
						0
					],
					[
						63701.2987012987,
						2,
						0
					],
					[
						63798.7012987013,
						1,
						0
					],
					[
						63214.2857142857,
						3,
						0
					],
					[
						63311.6883116883,
						0,
						0
					],
					[
						62337.6623376624,
						1,
						0,
						true,
						false
					],
					[
						63116.8831168832,
						1,
						0,
						true,
						false
					],
					[
						62727.2727272728,
						1,
						0,
						true,
						false
					],
					[
						63506.4935064936,
						2,
						0,
						true,
						false
					]
				],
				"mustHitSection": true
			},
			{
				"lengthInSteps": 16,
				"sectionNotes": [
					[
						64285.7142857143,
						2,
						0
					],
					[
						64480.5194805195,
						0,
						0
					],
					[
						65259.7402597403,
						3,
						0
					],
					[
						63896.103896104,
						3,
						0,
						true,
						false
					],
					[
						64675.3246753247,
						3,
						0,
						true,
						false
					],
					[
						64870.1298701299,
						0,
						0,
						false,
						false
					],
					[
						64967.5324675325,
						1,
						0,
						false,
						false
					]
				],
				"mustHitSection": false
			},
			{
				"lengthInSteps": 16,
				"sectionNotes": [
					[
						65941.5584415584,
						2,
						0
					],
					[
						66038.961038961,
						1,
						0
					],
					[
						66136.3636363636,
						2,
						0
					],
					[
						66331.1688311688,
						1,
						0
					],
					[
						66428.5714285714,
						2,
						0
					],
					[
						65551.9480519481,
						1,
						0
					],
					[
						65649.3506493507,
						2,
						0
					],
					[
						65746.7532467532,
						1,
						0
					],
					[
						66525.974025974,
						3,
						0
					],
					[
						65454.5454545455,
						0,
						0,
						true,
						false
					],
					[
						65844.1558441559,
						3,
						0,
						true,
						false
					],
					[
						66233.7662337663,
						0,
						0,
						true,
						false
					],
					[
						66720.7792207793,
						1,
						0,
						false,
						false
					],
					[
						66818.1818181819,
						3,
						0,
						false,
						false
					],
					[
						66915.5844155845,
						2,
						0,
						false,
						false
					],
					[
						66623.3766233767,
						0,
						0,
						true,
						false
					]
				],
				"mustHitSection": false
			},
			{
				"lengthInSteps": 16,
				"sectionNotes": [
					[
						67207.7922077922,
						3,
						0
					],
					[
						67500,
						1,
						0
					],
					[
						67597.4025974026,
						3,
						0
					],
					[
						67694.8051948052,
						0,
						0
					],
					[
						67987.012987013,
						3,
						0
					],
					[
						68084.4155844156,
						0,
						0
					],
					[
						68279.2207792208,
						1,
						0
					],
					[
						68376.6233766234,
						2,
						0
					],
					[
						68474.025974026,
						0,
						0
					],
					[
						67402.5974025975,
						0,
						0,
						true,
						false
					],
					[
						67792.2077922079,
						2,
						0,
						true,
						false
					],
					[
						68181.8181818182,
						3,
						0,
						true,
						false
					],
					[
						67012.9870129871,
						0,
						0,
						true,
						false
					]
				],
				"mustHitSection": false
			},
			{
				"lengthInSteps": 16,
				"sectionNotes": [
					[
						68668.8311688312,
						3,
						0
					],
					[
						68766.2337662338,
						1,
						0
					],
					[
						68863.6363636364,
						0,
						0
					],
					[
						69155.8441558442,
						2,
						0
					],
					[
						69545.4545454546,
						3,
						0
					],
					[
						69935.0649350649,
						0,
						0
					],
					[
						68571.4285714286,
						1,
						0,
						true,
						false
					],
					[
						68961.038961039,
						1,
						0,
						true,
						false
					],
					[
						69350.6493506494,
						0,
						0,
						true,
						false
					],
					[
						69740.2597402598,
						1,
						0,
						true,
						false
					]
				],
				"mustHitSection": false
			},
			{
				"lengthInSteps": 16,
				"sectionNotes": [
					[
						70519.4805194805,
						2,
						0
					],
					[
						70714.2857142857,
						0,
						0
					],
					[
						71493.5064935065,
						3,
						0
					],
					[
						70129.8701298702,
						3,
						0,
						true,
						false
					],
					[
						70909.090909091,
						3,
						0,
						true,
						false
					],
					[
						71103.8961038962,
						0,
						0,
						false,
						false
					],
					[
						71201.2987012988,
						1,
						0,
						false,
						false
					]
				],
				"mustHitSection": true
			},
			{
				"lengthInSteps": 16,
				"sectionNotes": [
					[
						72175.3246753247,
						2,
						0
					],
					[
						72272.7272727273,
						1,
						0
					],
					[
						72370.1298701299,
						2,
						0
					],
					[
						72564.9350649351,
						1,
						0
					],
					[
						72662.3376623377,
						2,
						0
					],
					[
						71785.7142857143,
						1,
						0
					],
					[
						71883.1168831169,
						2,
						0
					],
					[
						71980.5194805195,
						1,
						0
					],
					[
						72759.7402597403,
						3,
						0
					],
					[
						71688.3116883117,
						0,
						0,
						true,
						false
					],
					[
						72077.9220779221,
						3,
						0,
						true,
						false
					],
					[
						72467.5324675325,
						0,
						0,
						true,
						false
					],
					[
						72857.1428571429,
						0,
						0,
						true,
						false
					],
					[
						72954.5454545455,
						1,
						0,
						false,
						false
					],
					[
						73051.9480519481,
						3,
						0,
						false,
						false
					],
					[
						73149.3506493507,
						2,
						0,
						false,
						false
					]
				],
				"mustHitSection": true
			},
			{
				"lengthInSteps": 16,
				"sectionNotes": [
					[
						73441.5584415584,
						3,
						0
					],
					[
						73733.7662337662,
						1,
						0
					],
					[
						73831.1688311688,
						3,
						0
					],
					[
						73928.5714285714,
						0,
						0
					],
					[
						74220.7792207792,
						3,
						0
					],
					[
						74318.1818181818,
						0,
						0
					],
					[
						74512.987012987,
						1,
						0
					],
					[
						74610.3896103896,
						2,
						0
					],
					[
						74707.7922077922,
						0,
						0
					],
					[
						73636.3636363637,
						0,
						0,
						true,
						false
					],
					[
						74025.9740259741,
						2,
						0,
						true,
						false
					],
					[
						74415.5844155845,
						3,
						0,
						true,
						false
					],
					[
						73246.7532467533,
						0,
						0,
						true,
						false
					]
				],
				"mustHitSection": true
			},
			{
				"lengthInSteps": 16,
				"sectionNotes": [
					[
						74902.5974025974,
						3,
						0
					],
					[
						75000,
						1,
						0
					],
					[
						75097.4025974026,
						0,
						0
					],
					[
						75389.6103896104,
						2,
						0
					],
					[
						75779.2207792208,
						3,
						0
					],
					[
						76168.8311688312,
						0,
						0
					],
					[
						74805.1948051949,
						1,
						0,
						true,
						false
					],
					[
						75194.8051948052,
						1,
						0,
						true,
						false
					],
					[
						75584.4155844156,
						0,
						0,
						true,
						false
					],
					[
						75974.025974026,
						1,
						0,
						true,
						false
					]
				],
				"mustHitSection": true
			},
			{
				"lengthInSteps": 16,
				"sectionNotes": [
					[
						76558.4415584416,
						2,
						0
					],
					[
						76948.051948052,
						3,
						0
					],
					[
						77337.6623376623,
						2,
						0
					],
					[
						77727.2727272727,
						3,
						0
					],
					[
						76363.6363636364,
						2,
						0,
						true,
						false
					],
					[
						76753.2467532468,
						0,
						0,
						true,
						false
					],
					[
						77142.8571428572,
						1,
						0,
						true,
						false
					],
					[
						77532.4675324676,
						0,
						0,
						true,
						false
					]
				],
				"mustHitSection": false
			},
			{
				"lengthInSteps": 16,
				"sectionNotes": [
					[
						79285.7142857143,
						1,
						0
					],
					[
						77922.077922078,
						1,
						487.012987012987,
						false
					],
					[
						77922.077922078,
						2,
						0,
						true,
						false
					],
					[
						79090.9090909091,
						3,
						0,
						true,
						false
					],
					[
						78896.1038961039,
						2,
						0,
						false,
						false
					],
					[
						78506.4935064936,
						0,
						0,
						false,
						false
					],
					[
						78701.2987012987,
						3,
						0,
						true,
						false
					]
				],
				"mustHitSection": false
			},
			{
				"lengthInSteps": 16,
				"sectionNotes": [
					[
						79480.5194805195,
						0,
						292.207792207792
					],
					[
						79870.1298701299,
						2,
						292.207792207792
					],
					[
						80259.7402597403,
						1,
						292.207792207792
					],
					[
						80649.3506493507,
						3,
						292.207792207792
					],
					[
						79480.5194805195,
						3,
						0,
						true,
						false
					],
					[
						80259.7402597403,
						0,
						0,
						true,
						false
					]
				],
				"mustHitSection": false
			},
			{
				"lengthInSteps": 16,
				"sectionNotes": [
					[
						81038.961038961,
						2,
						292.207792207792
					],
					[
						81428.5714285714,
						1,
						292.207792207792
					],
					[
						82012.987012987,
						1,
						0
					],
					[
						82402.5974025974,
						0,
						0
					],
					[
						81038.9610389611,
						0,
						0,
						true,
						false
					],
					[
						81818.1818181819,
						3,
						0,
						true,
						false
					],
					[
						82207.7922077922,
						2,
						0,
						true,
						false
					]
				],
				"mustHitSection": false
			},
			{
				"lengthInSteps": 16,
				"sectionNotes": [
					[
						82792.2077922078,
						2,
						0
					],
					[
						83181.8181818182,
						3,
						0
					],
					[
						83571.4285714286,
						2,
						0
					],
					[
						83961.038961039,
						3,
						0
					],
					[
						82597.4025974026,
						6,
						1461.03896103896,
						false,
						false
					],
					[
						82597.4025974026,
						2,
						0,
						true,
						false
					],
					[
						82987.012987013,
						0,
						0,
						true,
						false
					],
					[
						83376.6233766234,
						1,
						0,
						true,
						false
					],
					[
						83766.2337662338,
						0,
						0,
						true,
						false
					]
				],
				"mustHitSection": true
			},
			{
				"lengthInSteps": 16,
				"sectionNotes": [
					[
						84155.8441558442,
						1,
						487.012987012987
					],
					[
						85129.8701298701,
						2,
						0
					],
					[
						85519.4805194805,
						1,
						0
					],
					[
						84155.8441558442,
						5,
						1461.03896103896
					],
					[
						84155.8441558442,
						2,
						0,
						true,
						false
					],
					[
						84740.2597402598,
						0,
						0,
						false,
						false
					],
					[
						84935.064935065,
						3,
						0,
						true,
						false
					],
					[
						85324.6753246754,
						3,
						0,
						true,
						false
					]
				],
				"mustHitSection": true
			},
			{
				"lengthInSteps": 16,
				"sectionNotes": [
					[
						85714.1298701299,
						4,
						292
					],
					[
						86103.1298701299,
						6,
						292
					],
					[
						86493.1298701299,
						5,
						292
					],
					[
						86882.1298701299,
						7,
						292
					],
					[
						85714.1298701299,
						3,
						1461
					],
					[
						85714.2857142857,
						7,
						0,
						true,
						false
					],
					[
						86493.5064935065,
						4,
						0,
						true,
						false
					]
				],
				"mustHitSection": false
			},
			{
				"lengthInSteps": 16,
				"sectionNotes": [
					[
						87272.7272727273,
						2,
						292.207792207792
					],
					[
						87662.3376623377,
						1,
						292.207792207792
					],
					[
						88246.7532467532,
						1,
						0
					],
					[
						88636.3636363636,
						0,
						0
					],
					[
						87272.7272727273,
						4,
						681.818181818182
					],
					[
						87272.7272727273,
						0,
						0,
						true,
						false
					],
					[
						88051.9480519481,
						3,
						0,
						true,
						false
					],
					[
						88441.5584415585,
						2,
						0,
						true,
						false
					],
					[
						88051.9480519481,
						7,
						681.818181818182,
						false,
						false
					]
				],
				"mustHitSection": true
			},
			{
				"lengthInSteps": 16,
				"sectionNotes": [
					[
						88831.1688311688,
						0,
						292.207792207792
					],
					[
						89220.7792207792,
						2,
						292.207792207792
					],
					[
						89805.1948051948,
						0,
						0
					],
					[
						90194.8051948052,
						3,
						0
					],
					[
						90000,
						1,
						0,
						true,
						false
					],
					[
						88831.1688311688,
						1,
						0,
						true,
						false
					],
					[
						89220.7792207792,
						3,
						0,
						true,
						false
					],
					[
						89610.3896103896,
						1,
						0,
						true,
						false
					]
				],
				"mustHitSection": false
			},
			{
				"lengthInSteps": 16,
				"sectionNotes": [
					[
						90584.4155844156,
						0,
						0
					],
					[
						90974.025974026,
						1,
						0
					],
					[
						91363.6363636364,
						1,
						0
					],
					[
						91753.2467532468,
						0,
						0
					],
					[
						90389.6103896104,
						2,
						0,
						true,
						false
					],
					[
						90779.2207792208,
						2,
						0,
						true,
						false
					],
					[
						91168.8311688312,
						3,
						0,
						true,
						false
					],
					[
						91558.4415584416,
						3,
						0,
						true,
						false
					]
				],
				"mustHitSection": false
			},
			{
				"lengthInSteps": 16,
				"sectionNotes": [
					[
						92142.8571428572,
						1,
						0
					],
					[
						92532.4675324676,
						0,
						0
					],
					[
						92922.0779220779,
						1,
						0
					],
					[
						93311.6883116883,
						2,
						0
					],
					[
						91948.051948052,
						2,
						0,
						true,
						false
					],
					[
						92337.6623376623,
						2,
						0,
						true,
						false
					],
					[
						92727.2727272727,
						2,
						0,
						true,
						false
					],
					[
						93116.8831168831,
						3,
						0,
						true,
						false
					]
				],
				"mustHitSection": false
			},
			{
				"lengthInSteps": 16,
				"sectionNotes": [
					[
						94285.7142857143,
						1,
						681.818181818182
					],
					[
						93506.4935064935,
						0,
						0,
						true,
						false
					],
					[
						93896.1038961039,
						1,
						0,
						true,
						false
					],
					[
						94090.9090909091,
						2,
						0,
						true,
						false
					],
					[
						93701.2987012987,
						3,
						0,
						true,
						false
					]
				],
				"mustHitSection": false
			},
			{
				"lengthInSteps": 16,
				"sectionNotes": [
					[
						95064.9350649351,
						6,
						292.207792207792
					],
					[
						95064.9350649351,
						0,
						292.207792207792
					],
					[
						95454.5454545455,
						2,
						292.207792207792
					],
					[
						96038.961038961,
						0,
						0
					],
					[
						96428.5714285714,
						3,
						0
					],
					[
						95064.9350649351,
						1,
						0,
						true,
						false
					],
					[
						95454.5454545455,
						3,
						0,
						true,
						false
					],
					[
						95844.1558441558,
						1,
						0,
						true,
						false
					],
					[
						96233.7662337662,
						1,
						0,
						true,
						false
					]
				],
				"mustHitSection": true
			},
			{
				"lengthInSteps": 16,
				"sectionNotes": [
					[
						96818.1818181818,
						0,
						0
					],
					[
						97207.7922077922,
						1,
						0
					],
					[
						97597.4025974026,
						1,
						0
					],
					[
						97987.012987013,
						0,
						0
					],
					[
						96623.3766233766,
						2,
						0,
						true,
						false
					],
					[
						97012.987012987,
						2,
						0,
						true,
						false
					],
					[
						97402.5974025974,
						3,
						0,
						true,
						false
					],
					[
						97792.2077922078,
						3,
						0,
						true,
						false
					]
				],
				"mustHitSection": true
			},
			{
				"lengthInSteps": 16,
				"sectionNotes": [
					[
						98376.6233766234,
						1,
						0
					],
					[
						98766.2337662338,
						0,
						0
					],
					[
						99155.8441558442,
						1,
						0
					],
					[
						99545.4545454546,
						2,
						0
					],
					[
						98181.8181818182,
						2,
						0,
						true,
						false
					],
					[
						98571.4285714286,
						2,
						0,
						true,
						false
					],
					[
						98961.038961039,
						2,
						0,
						true,
						false
					],
					[
						99350.6493506493,
						3,
						0,
						true,
						false
					]
				],
				"mustHitSection": true
			},
			{
				"vignetteShaderRadius": 0.05,
				"changeDadCharacter": false,
				"typeOfSection": 0,
				"changeBFCharacter": false,
				"changeDadCharacterChar": "dad",
				"altAnim": false,
				"changeBFCharacterChar": "bf",
				"changeCameraBeat": false,
				"mustHitSection": true,
				"cameraBeatSpeed": 4,
				"sectionNotes": [
					[
						100519.480519481,
						1,
						681.818181818182
					],
					[
						99740.2597402597,
						0,
						0,
						true,
						false
					],
					[
						99935.0649350649,
						3,
						0,
						true,
						false
					],
					[
						100129.87012987,
						1,
						0,
						true,
						false
					],
					[
						100324.675324675,
						2,
						0,
						true,
						false
					]
				],
				"lengthInSteps": 16,
				"cameraBeatZoom": 1,
				"vignetteShader": false,
				"chromaticAberrationsShader": false,
				"bpm": 150,
				"changeBPM": false
			},
			{
				"vignetteShaderRadius": 0.05,
				"changeDadCharacter": false,
				"typeOfSection": 0,
				"changeBFCharacter": false,
				"changeDadCharacterChar": "dad",
				"altAnim": false,
				"changeBFCharacterChar": "bf",
				"changeCameraBeat": false,
				"mustHitSection": true,
				"cameraBeatSpeed": 4,
				"sectionNotes": [
					[
						101298.701298701,
						2,
						1461.03896103896,
						false
					]
				],
				"lengthInSteps": 16,
				"cameraBeatZoom": 1,
				"vignetteShader": false,
				"chromaticAberrationsShader": false,
				"bpm": 154,
				"changeBPM": false
			},
			{
				"vignetteShaderRadius": 0.05,
				"changeDadCharacter": false,
				"typeOfSection": 0,
				"changeBFCharacter": false,
				"changeDadCharacterChar": "dad",
				"altAnim": false,
				"changeBFCharacterChar": "bf",
				"changeCameraBeat": false,
				"mustHitSection": true,
				"cameraBeatSpeed": 4,
				"sectionNotes": [],
				"lengthInSteps": 16,
				"cameraBeatZoom": 1,
				"vignetteShader": false,
				"chromaticAberrationsShader": false,
				"bpm": 154,
				"changeBPM": false
			},
			{
				"vignetteShaderRadius": 0.05,
				"changeDadCharacter": false,
				"typeOfSection": 0,
				"changeBFCharacter": false,
				"changeDadCharacterChar": "dad",
				"altAnim": false,
				"changeBFCharacterChar": "bf",
				"changeCameraBeat": false,
				"mustHitSection": true,
				"cameraBeatSpeed": 4,
				"sectionNotes": [],
				"lengthInSteps": 16,
				"cameraBeatZoom": 1,
				"vignetteShader": false,
				"chromaticAberrationsShader": false,
				"bpm": 154,
				"changeBPM": false
			},
			{
				"vignetteShaderRadius": 0.05,
				"changeDadCharacter": false,
				"typeOfSection": 0,
				"changeBFCharacter": false,
				"changeDadCharacterChar": "dad",
				"altAnim": false,
				"changeBFCharacterChar": "bf",
				"changeCameraBeat": false,
				"mustHitSection": true,
				"cameraBeatSpeed": 4,
				"sectionNotes": [],
				"lengthInSteps": 16,
				"cameraBeatZoom": 1,
				"vignetteShader": false,
				"chromaticAberrationsShader": false,
				"bpm": 154,
				"changeBPM": false
			},
			{
				"vignetteShaderRadius": 0.05,
				"changeDadCharacter": false,
				"typeOfSection": 0,
				"changeBFCharacter": false,
				"changeDadCharacterChar": "dad",
				"altAnim": false,
				"changeBFCharacterChar": "bf",
				"changeCameraBeat": false,
				"mustHitSection": true,
				"cameraBeatSpeed": 4,
				"sectionNotes": [],
				"lengthInSteps": 16,
				"cameraBeatZoom": 1,
				"vignetteShader": false,
				"chromaticAberrationsShader": false,
				"bpm": 154,
				"changeBPM": false
			},
			{
				"vignetteShaderRadius": 0.05,
				"changeDadCharacter": false,
				"typeOfSection": 0,
				"changeBFCharacter": false,
				"changeDadCharacterChar": "dad",
				"altAnim": false,
				"changeBFCharacterChar": "bf",
				"changeCameraBeat": false,
				"mustHitSection": true,
				"cameraBeatSpeed": 4,
				"sectionNotes": [],
				"lengthInSteps": 16,
				"cameraBeatZoom": 1,
				"vignetteShader": false,
				"chromaticAberrationsShader": false,
				"bpm": 154,
				"changeBPM": false
			},
			{
				"vignetteShaderRadius": 0.05,
				"changeDadCharacter": false,
				"typeOfSection": 0,
				"changeBFCharacter": false,
				"changeDadCharacterChar": "dad",
				"altAnim": false,
				"changeBFCharacterChar": "bf",
				"changeCameraBeat": false,
				"mustHitSection": true,
				"cameraBeatSpeed": 4,
				"sectionNotes": [],
				"lengthInSteps": 16,
				"cameraBeatZoom": 1,
				"vignetteShader": false,
				"chromaticAberrationsShader": false,
				"bpm": 154,
				"changeBPM": false
			},
			{
				"vignetteShaderRadius": 0.05,
				"changeDadCharacter": false,
				"typeOfSection": 0,
				"changeBFCharacter": false,
				"changeDadCharacterChar": "dad",
				"altAnim": false,
				"changeBFCharacterChar": "bf",
				"changeCameraBeat": false,
				"mustHitSection": true,
				"cameraBeatSpeed": 4,
				"sectionNotes": [],
				"lengthInSteps": 16,
				"cameraBeatZoom": 1,
				"chromaticAberrationsShader": false,
				"bpm": 154,
				"changeBPM": false,
				"vignetteShader": false
			},
			{
				"vignetteShaderRadius": 0.05,
				"changeDadCharacter": false,
				"typeOfSection": 0,
				"changeBFCharacter": false,
				"changeDadCharacterChar": "dad",
				"altAnim": false,
				"changeBFCharacterChar": "bf",
				"changeCameraBeat": false,
				"mustHitSection": true,
				"cameraBeatSpeed": 4,
				"sectionNotes": [],
				"lengthInSteps": 16,
				"cameraBeatZoom": 1,
				"bpm": 154,
				"changeBPM": false,
				"vignetteShader": false,
				"chromaticAberrationsShader": false
			},
			{
				"vignetteShaderRadius": 0.05,
				"changeDadCharacter": false,
				"typeOfSection": 0,
				"changeBFCharacter": false,
				"changeDadCharacterChar": "dad",
				"altAnim": false,
				"changeBFCharacterChar": "bf",
				"changeCameraBeat": false,
				"mustHitSection": true,
				"cameraBeatSpeed": 4,
				"sectionNotes": [],
				"lengthInSteps": 16,
				"cameraBeatZoom": 1,
				"bpm": 154,
				"changeBPM": false,
				"vignetteShader": false,
				"chromaticAberrationsShader": false
			},
			{
				"vignetteShaderRadius": 0.05,
				"changeDadCharacter": false,
				"typeOfSection": 0,
				"changeBFCharacter": false,
				"changeDadCharacterChar": "dad",
				"altAnim": false,
				"changeBFCharacterChar": "bf",
				"changeCameraBeat": false,
				"mustHitSection": true,
				"cameraBeatSpeed": 4,
				"sectionNotes": [],
				"lengthInSteps": 16,
				"cameraBeatZoom": 1,
				"bpm": 154,
				"changeBPM": false,
				"vignetteShader": false,
				"chromaticAberrationsShader": false
			},
			{
				"gfSection": false,
				"lengthInSteps": 16,
				"altAnim": false,
				"typeOfSection": 0,
				"sectionNotes": [],
				"bpm": 154,
				"changeBPM": false,
				"mustHitSection": true
			},
			{
				"gfSection": false,
				"lengthInSteps": 16,
				"altAnim": false,
				"typeOfSection": 0,
				"sectionNotes": [],
				"bpm": 154,
				"changeBPM": false,
				"mustHitSection": true
			}
		],
		"player3": null,
		"song": "Darkness",
		"stage": "TripleTroubleBackground",
		"validScore": true,
		"needsVoices": true,
		"speed": 2.8,
		"bpm": 154
	}
}