{
	"dialogue": [
		{
			"sound": "",
			"speed": 0.01,
			"portrait": "sonicport",
			"boxState": "angry",
			"expression": "talk",
			"text": "MY GOD HOW DID I LOSE TO A BLUEHAIRED KIDDO?!"
		},
		{
			"sound": "",
			"speed": 0.05,
			"portrait": "bf",
			"boxState": "normal",
			"expression": "excited",
			"text": "ur just bad lol"
		},
		{
			"sound": "",
			"speed": 0.05,
			"portrait": "sonicport",
			"boxState": "normal",
			"expression": "talk",
			"text": "shut up"
		},
		{
			"sound": "",
			"speed": 0.05,
			"portrait": "bf",
			"boxState": "normal",
			"expression": "talk",
			"text": "no u"
		},
		{
			"sound": "",
			"speed": 0.00500000000000001,
			"portrait": "sonicport",
			"boxState": "angry",
			"expression": "talk",
			"text": "AHHHHHHHHHHHHHHHHHHHHHHHHHHHHHHHHHHHHHH SHUT UP!!!!!!!!!!!!!!"
		},
		{
			"sound": "",
			"speed": 0.05,
			"portrait": "tails",
			"boxState": "normal",
			"expression": "talk",
			"text": "Hey Sonic? What's wrong?"
		},
		{
			"sound": "",
			"speed": 0.05,
			"portrait": "sonicport",
			"boxState": "normal",
			"expression": "talk",
			"text": "This BLUEHAIRED Kid is getting on my nerves."
		},
		{
			"sound": "",
			"speed": 0.05,
			"portrait": "bf",
			"boxState": "normal",
			"expression": "talk",
			"text": "I'm not a kid I'm 18."
		},
		{
			"sound": "",
			"speed": 0.05,
			"portrait": "bf",
			"boxState": "normal",
			"expression": "talk",
			"text": "Ain't my fault you lost"
		},
		{
			"sound": "",
			"speed": 0.05,
			"portrait": "tails",
			"boxState": "normal",
			"expression": "talk",
			"text": "Don't worry Sonic! I'll beat this... UHHHHHHHH what's your name again?"
		},
		{
			"sound": "",
			"speed": 0.05,
			"portrait": "bf",
			"boxState": "normal",
			"expression": "excited",
			"text": "The name's Boyfriend!"
		},
		{
			"sound": "",
			"speed": 0.05,
			"portrait": "bf",
			"boxState": "normal",
			"expression": "talk",
			"text": "You can just call me BF for short."
		},
		{
			"sound": "",
			"speed": 0.05,
			"portrait": "tails",
			"boxState": "normal",
			"expression": "talk",
			"text": "okay BF..."
		},
		{
			"sound": "",
			"speed": 0.05,
			"portrait": "tails",
			"boxState": "normal",
			"expression": "talk",
			"text": "LETS RAP!"
		},
		{
			"sound": "",
			"speed": 0.05,
			"portrait": "sonic",
			"boxState": "normal",
			"expression": "talk",
			"text": "Mind if I join?"
		},
		{
			"sound": "",
			"speed": 0.05,
			"portrait": "tails",
			"boxState": "normal",
			"expression": "talk",
			"text": "Sure!"
		},
		{
			"sound": "",
			"speed": 0.05,
			"portrait": "sonic",
			"boxState": "normal",
			"expression": "talk",
			"text": "Let's end this......once and for all"
		}
	]
}