{
	"dialogue": [
		{
			"expression": "excited",
			"text": "beep bo pop ski do de bep",
			"boxState": "normal",
			"sound": "",
			"speed": 0.05,
			"portrait": "bf"
		},
		{
			"sound": "",
			"speed": 0.05,
			"portrait": "joe",
			"boxState": "normal",
			"expression": "pissed",
			"text": "u should be in the game how are you out?????"
		},
		{
			"expression": "talk",
			"text": "beeeeeep booooo poooop",
			"boxState": "normal",
			"sound": "",
			"speed": 0.05,
			"portrait": "bf"
		},
		{
			"sound": "",
			"speed": 0.05,
			"portrait": "joe",
			"boxState": "normal",
			"expression": "talk",
			"text": "if you want to rap then no"
		},
		{
			"sound": "",
			"speed": 0.05,
			"portrait": "bf",
			"boxState": "normal",
			"expression": "talk",
			"text": ">=("
		},
		{
			"sound": "",
			"speed": 0.05,
			"portrait": "bf",
			"boxState": "normal",
			"expression": "talk",
			"text": "*throws mic at joe*"
		},
		{
			"sound": "",
			"speed": 0.025,
			"portrait": "bf",
			"boxState": "angry",
			"expression": "talk",
			"text": "FINE!! I\"'LL RAP WITH YA!"
		},
		{
			"sound": "",
			"speed": 0.02,
			"portrait": "joe",
			"boxState": "angry",
			"expression": "talk",
			"text": "BUT ONLY ONE SONG KAY!?"
		},
		{
			"sound": "",
			"speed": 0.05,
			"portrait": "bf",
			"boxState": "normal",
			"expression": "shocked",
			"text": "boooo poooo eeee beeooo"
		},
		{
			"sound": "",
			"speed": 0.05,
			"portrait": "joe",
			"boxState": "normal",
			"expression": "talk",
			"text": "sorry not sorry lol"
		},
		{
			"sound": "",
			"speed": 0.05,
			"portrait": "gf",
			"boxState": "normal",
			"expression": "demon",
			"text": "OKAY WHO MESSING WITH BF!?!?!"
		},
		{
			"sound": "",
			"speed": 0.05,
			"portrait": "bf",
			"boxState": "normal",
			"expression": "talk",
			"text": ""
		},
		{
			"sound": "",
			"speed": 0.05,
			"portrait": "joe",
			"boxState": "normal",
			"expression": "talk",
			"text": ""
		},
		{
			"sound": "",
			"speed": 0.05,
			"portrait": "bf",
			"boxState": "normal",
			"expression": "pissed",
			"text": "*points blandly at Joe*"
		},
		{
			"sound": "",
			"speed": 0.05,
			"portrait": "gf",
			"boxState": "normal",
			"expression": "confused",
			"text": "you;re lucky I won't kill you"
		},
		{
			"sound": "",
			"speed": 0.05,
			"portrait": "gf",
			"boxState": "normal",
			"expression": "demon",
			"text": "BUT if you lay a finger on him..."
		},
		{
			"sound": "",
			"speed": 0.05,
			"portrait": "joe",
			"boxState": "normal",
			"expression": "talk",
			"text": "NOPENOTDEALING WITH THAT START THE SONG NOW"
		},
		{
			"sound": "",
			"speed": 0.05,
			"portrait": "gf",
			"boxState": "normal",
			"expression": "talk",
			"text": "aight"
		}
	]
}