{
	"dialogue": [
		{
			"expression": "confused",
			"text": "MAN I'M BORED",
			"boxState": "angry",
			"sound": "",
			"speed": 0.05,
			"portrait": "bf"
		},
		{
			"expression": "talk",
			"text": "Imma rap someone so I won't be so bored",
			"boxState": "normal",
			"sound": "",
			"speed": 0.05,
			"portrait": "bf"
		},
		{
			"expression": "pissed",
			"text": "HEY YOU IN YELLOW!",
			"boxState": "angry",
			"sound": "",
			"speed": 0.05,
			"portrait": "bf"
		},
		{
			"sound": "",
			"speed": 0.05,
			"portrait": "sonic",
			"boxState": "normal",
			"expression": "talk",
			"text": "ughhhhhhhhhhhhh...."
		},
		{
			"sound": "",
			"speed": 0.05,
			"portrait": "sonic",
			"boxState": "normal",
			"expression": "talk",
			"text": "no"
		},
		{
			"sound": "",
			"speed": 0.05,
			"portrait": "bf",
			"boxState": "normal",
			"expression": "talk",
			"text": "I'm forcing you to rap me"
		},
		{
			"sound": "",
			"speed": 0.05,
			"portrait": "sonic",
			"boxState": "normal",
			"expression": "talk",
			"text": "...fine."
		}
	]
}