{
	"song": {
		"player1": "bf",
		"player2": "mr-hedgehog",
		"notes": [
			{
				"lengthInSteps": 16,
				"sectionNotes": [],
				"mustHitSection": false
			},
			{
				"lengthInSteps": 16,
				"sectionNotes": [],
				"mustHitSection": true
			},
			{
				"lengthInSteps": 16,
				"sectionNotes": [],
				"mustHitSection": false
			},
			{
				"lengthInSteps": 16,
				"sectionNotes": [],
				"mustHitSection": true
			},
			{
				"lengthInSteps": 16,
				"sectionNotes": [],
				"mustHitSection": false
			},
			{
				"lengthInSteps": 16,
				"sectionNotes": [],
				"mustHitSection": true
			},
			{
				"lengthInSteps": 16,
				"sectionNotes": [],
				"mustHitSection": false
			},
			{
				"lengthInSteps": 16,
				"sectionNotes": [],
				"mustHitSection": true
			},
			{
				"altAnim": false,
				"lengthInSteps": 16,
				"sectionNotes": [
					[
						13714.2857142857,
						1,
						0,
						2,
						0
					],
					[
						13928.5714285714,
						1,
						0,
						2,
						0
					],
					[
						14142.8571428571,
						1,
						0,
						2,
						0
					],
					[
						14357.1428571429,
						1,
						0,
						2,
						0
					],
					[
						14571.4285714286,
						1,
						0,
						2,
						0
					],
					[
						14785.7142857143,
						1,
						0,
						2,
						0
					],
					[
						15000,
						1,
						0,
						2,
						0
					]
				],
				"mustHitSection": false
			},
			{
				"lengthInSteps": 16,
				"sectionNotes": [
					[
						15857.1428571429,
						3,
						0
					],
					[
						16071.4285714286,
						2,
						0
					],
					[
						16178.5714285714,
						1,
						0
					],
					[
						15964.2857142857,
						0,
						0
					],
					[
						16285.7142857143,
						3,
						0
					],
					[
						16392.8571428571,
						0,
						0
					],
					[
						16500,
						1,
						0
					],
					[
						16607.1428571429,
						0,
						0
					],
					[
						16714.2857142857,
						1,
						0
					],
					[
						16821.4285714286,
						2,
						0
					],
					[
						15428.5714285714,
						1,
						107.142857142857
					],
					[
						16928.5714285714,
						3,
						107.142857142857
					],
					[
						15717.8571428571,
						1,
						0
					],
					[
						15642.8571428571,
						1,
						0
					]
				],
				"mustHitSection": false
			},
			{
				"lengthInSteps": 16,
				"sectionNotes": [
					[
						17571.4285714286,
						2,
						0
					],
					[
						17678.5714285714,
						0,
						0
					],
					[
						17785.7142857143,
						1,
						0
					],
					[
						17892.8571428571,
						0,
						0
					],
					[
						18428.5714285714,
						2,
						0
					],
					[
						18535.7142857143,
						1,
						0
					],
					[
						17464.2857142857,
						3,
						0
					],
					[
						17142.8571428571,
						1,
						107.142857142857
					],
					[
						18000,
						3,
						107.142857142857
					],
					[
						17418.75,
						1,
						0
					],
					[
						17357.1428571429,
						1,
						0
					],
					[
						18286.6071428571,
						3,
						0
					],
					[
						18214.2857142857,
						3,
						0
					],
					[
						18642.8571428571,
						3,
						0
					],
					[
						18750,
						2,
						0
					]
				],
				"mustHitSection": false
			},
			{
				"lengthInSteps": 16,
				"sectionNotes": [
					[
						19500,
						2,
						0
					],
					[
						19607.1428571429,
						1,
						0
					],
					[
						19392.8571428571,
						0,
						0
					],
					[
						19714.2857142857,
						3,
						0
					],
					[
						19821.4285714286,
						0,
						0
					],
					[
						19928.5714285714,
						1,
						0
					],
					[
						20035.7142857143,
						0,
						0
					],
					[
						20142.8571428571,
						1,
						0
					],
					[
						20250,
						2,
						0
					],
					[
						20357.1428571429,
						3,
						0
					],
					[
						19071.4285714286,
						3,
						0
					],
					[
						19178.5714285714,
						0,
						0
					],
					[
						19285.7142857143,
						2,
						0
					],
					[
						20464.2857142857,
						2,
						0
					],
					[
						18857.1428571429,
						1,
						0
					],
					[
						18964.2857142857,
						1,
						0
					]
				],
				"mustHitSection": false
			},
			{
				"lengthInSteps": 16,
				"sectionNotes": [
					[
						21000,
						2,
						0
					],
					[
						21107.1428571429,
						0,
						0
					],
					[
						21214.2857142857,
						1,
						0
					],
					[
						21964.2857142857,
						1,
						0
					],
					[
						22071.4285714286,
						0,
						0
					],
					[
						22178.5714285714,
						1,
						0
					],
					[
						21321.4285714286,
						2,
						0
					],
					[
						20892.8571428571,
						3,
						0
					],
					[
						21857.1428571429,
						2,
						0
					],
					[
						21428.5714285714,
						3,
						107.142857142857
					],
					[
						20571.4285714286,
						1,
						107.142857142857
					],
					[
						20860.7142857143,
						1,
						0
					],
					[
						20785.7142857143,
						1,
						0
					],
					[
						21707.1428571429,
						3,
						0
					],
					[
						21642.8571428571,
						3,
						0
					]
				],
				"mustHitSection": false
			},
			{
				"lengthInSteps": 16,
				"sectionNotes": [
					[
						22714.2857142858,
						3,
						0
					],
					[
						22928.5714285715,
						2,
						0
					],
					[
						23035.7142857143,
						1,
						0
					],
					[
						23142.8571428572,
						3,
						0
					],
					[
						23250,
						0,
						0
					],
					[
						23464.2857142858,
						0,
						0
					],
					[
						23571.4285714286,
						1,
						0
					],
					[
						22285.7142857143,
						1,
						107.142857142857
					],
					[
						23785.7142857143,
						3,
						107.142857142857
					],
					[
						22575,
						1,
						0
					],
					[
						22500,
						1,
						0
					],
					[
						23678.5714285714,
						2,
						0,
						2,
						0
					],
					[
						22821.4285714286,
						0,
						0,
						0,
						0
					],
					[
						23357.1428571429,
						1,
						0,
						0,
						0
					]
				],
				"mustHitSection": true
			},
			{
				"lengthInSteps": 16,
				"sectionNotes": [
					[
						24428.5714285715,
						2,
						0
					],
					[
						24535.7142857143,
						0,
						0
					],
					[
						24750,
						0,
						0
					],
					[
						24321.4285714286,
						3,
						0
					],
					[
						24000,
						1,
						107.142857142857
					],
					[
						24857.1428571429,
						3,
						107.142857142857
					],
					[
						24275.8928571429,
						1,
						0
					],
					[
						24214.2857142857,
						1,
						0
					],
					[
						25143.75,
						3,
						0
					],
					[
						25071.4285714286,
						3,
						0
					],
					[
						25500,
						3,
						0
					],
					[
						25392.8571428571,
						1,
						0
					],
					[
						25607.1428571429,
						2,
						0
					],
					[
						25285.7142857143,
						2,
						0,
						2,
						0
					],
					[
						24642.8571428571,
						1,
						0,
						2,
						0
					]
				],
				"mustHitSection": true
			},
			{
				"lengthInSteps": 16,
				"sectionNotes": [
					[
						26357.1428571429,
						2,
						0
					],
					[
						26250,
						0,
						0
					],
					[
						26571.4285714286,
						3,
						0
					],
					[
						26678.5714285715,
						0,
						0
					],
					[
						26892.8571428572,
						0,
						0
					],
					[
						27000,
						1,
						0
					],
					[
						27214.2857142858,
						3,
						0
					],
					[
						25928.5714285715,
						3,
						0
					],
					[
						26035.7142857143,
						0,
						0
					],
					[
						25714.2857142857,
						1,
						107.142857142857
					],
					[
						26464.2857142857,
						1,
						0,
						2,
						0
					],
					[
						27321.4285714286,
						2,
						0,
						2,
						0
					],
					[
						26142.8571428571,
						2,
						0,
						0,
						0
					],
					[
						27107.1428571429,
						2,
						0,
						0,
						0
					],
					[
						26785.7142857143,
						1,
						0,
						2,
						0
					]
				],
				"mustHitSection": true
			},
			{
				"lengthInSteps": 16,
				"sectionNotes": [
					[
						27857.1428571429,
						2,
						0
					],
					[
						27964.2857142858,
						0,
						0
					],
					[
						28821.4285714286,
						1,
						0
					],
					[
						28178.5714285715,
						2,
						0
					],
					[
						27750,
						3,
						0
					],
					[
						28285.7142857143,
						3,
						107.142857142857
					],
					[
						27428.5714285714,
						1,
						107.142857142857
					],
					[
						27717.8571428571,
						1,
						0
					],
					[
						27642.8571428571,
						1,
						0
					],
					[
						28564.2857142857,
						3,
						0
					],
					[
						28500,
						3,
						0
					],
					[
						28928.5714285714,
						3,
						0
					],
					[
						29035.7142857143,
						2,
						0
					],
					[
						28071.4285714286,
						1,
						0,
						2,
						0
					],
					[
						28714.2857142857,
						2,
						0,
						2,
						0
					]
				],
				"mustHitSection": true
			},
			{
				"lengthInSteps": 16,
				"sectionNotes": [
					[
						29142.8571428571,
						3,
						0
					],
					[
						29250,
						3,
						0
					],
					[
						29357.1428571429,
						0,
						0
					],
					[
						29464.2857142857,
						2,
						0
					],
					[
						29571.4285714286,
						3,
						0
					],
					[
						29678.5714285714,
						2,
						0
					],
					[
						29892.8571428571,
						2,
						0
					],
					[
						29785.7142857143,
						0,
						0
					],
					[
						30214.2857142857,
						3,
						0
					],
					[
						30321.4285714286,
						2,
						0
					],
					[
						30428.5714285714,
						3,
						0
					],
					[
						30535.7142857143,
						2,
						0
					],
					[
						30642.8571428571,
						0,
						0
					],
					[
						30750,
						2,
						0
					],
					[
						30000,
						1,
						107.142857142857
					]
				],
				"mustHitSection": false
			},
			{
				"lengthInSteps": 16,
				"sectionNotes": [
					[
						31285.7142857143,
						3,
						0
					],
					[
						31928.5714285714,
						3,
						0
					],
					[
						32035.7142857143,
						2,
						0
					],
					[
						32142.8571428571,
						3,
						0
					],
					[
						32250,
						2,
						0
					],
					[
						32357.1428571429,
						0,
						0
					],
					[
						31071.4285714286,
						3,
						0
					],
					[
						31178.5714285714,
						0,
						0
					],
					[
						31392.8571428571,
						0,
						0
					],
					[
						31500,
						2,
						0
					],
					[
						31607.1428571429,
						0,
						0
					],
					[
						32464.2857142857,
						2,
						0
					],
					[
						31714.2857142857,
						1,
						107.142857142857
					],
					[
						30964.2857142857,
						1,
						0
					],
					[
						30857.1428571429,
						1,
						0
					]
				],
				"mustHitSection": false
			},
			{
				"lengthInSteps": 16,
				"sectionNotes": [
					[
						32571.4285714286,
						0,
						0
					],
					[
						33000,
						0,
						0
					],
					[
						33535.7142857143,
						2,
						0
					],
					[
						33642.8571428571,
						3,
						0
					],
					[
						33750,
						2,
						0
					],
					[
						33857.1428571428,
						1,
						0
					],
					[
						33964.2857142857,
						2,
						0
					],
					[
						34071.4285714286,
						3,
						0
					],
					[
						34178.5714285714,
						2,
						0
					],
					[
						32785.7142857143,
						2,
						0
					],
					[
						32892.8571428571,
						1,
						0
					],
					[
						33107.1428571428,
						1,
						0
					],
					[
						33214.2857142857,
						2,
						0
					],
					[
						33321.4285714286,
						1,
						0
					],
					[
						33428.5714285714,
						0,
						0
					],
					[
						32678.5714285714,
						1,
						0
					]
				],
				"mustHitSection": false
			},
			{
				"lengthInSteps": 16,
				"sectionNotes": [
					[
						34285.7142857143,
						0,
						0
					],
					[
						34714.2857142857,
						0,
						0
					],
					[
						34500,
						2,
						0
					],
					[
						34607.1428571429,
						1,
						0
					],
					[
						34821.4285714286,
						1,
						0
					],
					[
						34928.5714285714,
						2,
						0
					],
					[
						35035.7142857143,
						1,
						0
					],
					[
						34392.8571428571,
						1,
						0
					],
					[
						35142.8571428571,
						2,
						0,
						2,
						0
					],
					[
						35357.1428571429,
						2,
						0,
						2,
						0
					],
					[
						35571.4285714286,
						2,
						0,
						2,
						0
					],
					[
						35785.7142857143,
						2,
						0,
						2,
						0
					]
				],
				"mustHitSection": false
			},
			{
				"lengthInSteps": 16,
				"sectionNotes": [
					[
						36000,
						3,
						0
					],
					[
						36107.1428571429,
						3,
						0
					],
					[
						36214.2857142857,
						0,
						0
					],
					[
						36428.5714285714,
						3,
						0
					],
					[
						36535.7142857143,
						2,
						0
					],
					[
						36750,
						2,
						0
					],
					[
						36642.8571428571,
						0,
						0
					],
					[
						37071.4285714286,
						3,
						0
					],
					[
						37285.7142857143,
						3,
						0
					],
					[
						37392.8571428571,
						2,
						0
					],
					[
						37607.1428571429,
						2,
						0
					],
					[
						36857.1428571429,
						1,
						107.142857142857
					],
					[
						36428.5714285714,
						0,
						0,
						3,
						0
					],
					[
						37285.7142857143,
						0,
						0,
						3,
						0
					],
					[
						36321.4285714286,
						2,
						0,
						0,
						0
					],
					[
						37178.5714285714,
						2,
						0,
						0,
						0
					],
					[
						37500,
						0,
						0,
						0,
						0
					]
				],
				"mustHitSection": true
			},
			{
				"lengthInSteps": 16,
				"sectionNotes": [
					[
						38142.8571428571,
						3,
						0
					],
					[
						38785.7142857143,
						3,
						0
					],
					[
						39000,
						3,
						0
					],
					[
						39107.1428571428,
						2,
						0
					],
					[
						37714.2857142857,
						1,
						0
					],
					[
						37928.5714285714,
						3,
						0
					],
					[
						38035.7142857143,
						0,
						0
					],
					[
						38357.1428571428,
						2,
						0
					],
					[
						38464.2857142857,
						0,
						0
					],
					[
						39321.4285714286,
						2,
						0
					],
					[
						38571.4285714286,
						1,
						107.142857142857
					],
					[
						38892.8571428571,
						0,
						0,
						3,
						0
					],
					[
						39321.4285714286,
						3,
						0,
						3,
						0
					],
					[
						37821.4285714286,
						1,
						0,
						0,
						0
					],
					[
						38250,
						0,
						0,
						0,
						0
					],
					[
						38892.8571428571,
						2,
						0,
						0,
						0
					],
					[
						39214.2857142857,
						0,
						0,
						0,
						0
					]
				],
				"mustHitSection": true
			},
			{
				"lengthInSteps": 16,
				"sectionNotes": [
					[
						39428.5714285714,
						0,
						0
					],
					[
						39857.1428571428,
						0,
						0
					],
					[
						40607.1428571428,
						2,
						0
					],
					[
						40714.2857142857,
						1,
						0
					],
					[
						41035.7142857143,
						2,
						0
					],
					[
						39750,
						1,
						0
					],
					[
						40178.5714285714,
						1,
						0
					],
					[
						40285.7142857143,
						0,
						0
					],
					[
						39642.8571428572,
						3,
						0,
						3,
						0
					],
					[
						40071.4285714286,
						0,
						0,
						3,
						0
					],
					[
						40714.2857142857,
						3,
						0,
						3,
						0
					],
					[
						39535.7142857143,
						1,
						0,
						0,
						0
					],
					[
						39642.8571428572,
						2,
						0,
						0,
						0
					],
					[
						39964.2857142857,
						1,
						0,
						0,
						0
					],
					[
						40071.4285714286,
						2,
						0,
						0,
						0
					],
					[
						40392.8571428572,
						2,
						0,
						0,
						0
					],
					[
						40500,
						3,
						0,
						0,
						0
					],
					[
						40821.4285714286,
						2,
						0,
						0,
						0
					],
					[
						40928.5714285714,
						3,
						0,
						0,
						0
					]
				],
				"mustHitSection": true
			},
			{
				"lengthInSteps": 16,
				"sectionNotes": [
					[
						41142.8571428571,
						0,
						0
					],
					[
						41357.1428571429,
						2,
						0
					],
					[
						41464.2857142857,
						1,
						0
					],
					[
						41785.7142857143,
						2,
						0
					],
					[
						41892.8571428571,
						1,
						0
					],
					[
						42000,
						2,
						107.142857142857
					],
					[
						42428.5714285714,
						3,
						107.142857142857
					],
					[
						42642.8571428572,
						1,
						107.142857142857
					],
					[
						42214.2857142857,
						0,
						107.142857142857
					],
					[
						41357.1428571429,
						0,
						0,
						3,
						0
					],
					[
						41785.7142857143,
						3,
						0,
						3,
						0
					],
					[
						41250,
						1,
						0,
						0,
						0
					],
					[
						41571.4285714286,
						0,
						0,
						0,
						0
					],
					[
						41678.5714285714,
						1,
						0,
						0,
						0
					]
				],
				"mustHitSection": true
			},
			{
				"lengthInSteps": 16,
				"sectionNotes": [
					[
						43071.4285714286,
						3,
						0
					],
					[
						43178.5714285714,
						2,
						0
					],
					[
						43285.7142857143,
						0,
						0
					],
					[
						43392.8571428572,
						2,
						0
					],
					[
						43500,
						3,
						0
					],
					[
						43607.1428571429,
						2,
						0
					],
					[
						43714.2857142857,
						1,
						0
					],
					[
						43821.4285714286,
						0,
						0
					],
					[
						43928.5714285714,
						1,
						0
					],
					[
						44035.7142857143,
						2,
						0
					],
					[
						44142.8571428572,
						1,
						0
					],
					[
						44250,
						0,
						0
					],
					[
						44357.1428571429,
						3,
						0
					],
					[
						44464.2857142857,
						2,
						0
					],
					[
						42857.1428571429,
						1,
						0
					],
					[
						42964.2857142857,
						1,
						0
					]
				],
				"mustHitSection": false
			},
			{
				"lengthInSteps": 16,
				"sectionNotes": [
					[
						44892.8571428572,
						0,
						0
					],
					[
						45000,
						2,
						0
					],
					[
						45107.1428571429,
						1,
						0
					],
					[
						45214.2857142857,
						0,
						0
					],
					[
						45321.4285714286,
						1,
						0
					],
					[
						45428.5714285714,
						3,
						0
					],
					[
						45535.7142857143,
						2,
						0
					],
					[
						45642.8571428572,
						1,
						0
					],
					[
						45750,
						0,
						0
					],
					[
						45857.1428571429,
						3,
						0
					],
					[
						45964.2857142857,
						2,
						0
					],
					[
						46071.4285714286,
						1,
						0
					],
					[
						46178.5714285714,
						0,
						0
					],
					[
						44571.4285714286,
						1,
						0
					],
					[
						44678.5714285714,
						1,
						0
					],
					[
						44785.7142857143,
						2,
						0
					]
				],
				"mustHitSection": false
			},
			{
				"lengthInSteps": 16,
				"sectionNotes": [
					[
						46500,
						7,
						0
					],
					[
						46607,
						6,
						0
					],
					[
						46714,
						4,
						0
					],
					[
						46821,
						6,
						0
					],
					[
						46928,
						7,
						0
					],
					[
						47035,
						6,
						0
					],
					[
						47142,
						5,
						0
					],
					[
						47250,
						4,
						0
					],
					[
						47357,
						5,
						0
					],
					[
						47464,
						6,
						0
					],
					[
						47571,
						5,
						0
					],
					[
						47678,
						4,
						0
					],
					[
						46285.7142857143,
						1,
						0
					],
					[
						46607.1428571429,
						1,
						0
					],
					[
						46928.5714285714,
						1,
						0
					],
					[
						47142.8571428572,
						3,
						0
					],
					[
						47464.2857142857,
						3,
						0
					],
					[
						47785.7142857143,
						3,
						0
					],
					[
						47892.8571428572,
						3,
						0
					],
					[
						47785.7142857143,
						7,
						0
					],
					[
						47892.8571428572,
						6,
						0
					],
					[
						46285.7142857143,
						5,
						0
					],
					[
						46392.8571428572,
						5,
						0
					],
					[
						47785.7142857143,
						0,
						0,
						3,
						0
					],
					[
						46928.5714285714,
						3,
						0,
						3,
						0
					]
				],
				"mustHitSection": true
			},
			{
				"lengthInSteps": 16,
				"sectionNotes": [
					[
						48321,
						4,
						0
					],
					[
						48428,
						6,
						0
					],
					[
						48535,
						5,
						0
					],
					[
						48642,
						4,
						0
					],
					[
						48750,
						5,
						0
					],
					[
						48857,
						7,
						0
					],
					[
						48964,
						6,
						0
					],
					[
						49071,
						5,
						0
					],
					[
						49178,
						4,
						0
					],
					[
						49285,
						7,
						0
					],
					[
						49392,
						6,
						0
					],
					[
						49500,
						5,
						0
					],
					[
						49607,
						4,
						0
					],
					[
						48000,
						1,
						0
					],
					[
						48321.4285714286,
						1,
						0
					],
					[
						48535.7142857143,
						1,
						0
					],
					[
						48750,
						1,
						0
					],
					[
						48642.8571428572,
						2,
						0
					],
					[
						48857.1428571429,
						3,
						0
					],
					[
						49178.5714285714,
						3,
						0
					],
					[
						49500,
						3,
						0
					],
					[
						49607.1428571429,
						3,
						0
					],
					[
						48000,
						5,
						0
					],
					[
						48107.1428571429,
						5,
						0
					],
					[
						48214.2857142857,
						6,
						0
					],
					[
						48642.8571428572,
						0,
						0,
						3,
						0
					],
					[
						49178.5714285714,
						0,
						0,
						3,
						0
					]
				],
				"mustHitSection": true
			},
			{
				"lengthInSteps": 16,
				"sectionNotes": [
					[
						49928.5714285714,
						3,
						0
					],
					[
						50035.7142857143,
						2,
						0
					],
					[
						50142.8571428572,
						0,
						0
					],
					[
						50357.1428571429,
						3,
						0
					],
					[
						50571.4285714286,
						1,
						0
					],
					[
						50678.5714285714,
						0,
						0
					],
					[
						50785.7142857143,
						1,
						0
					],
					[
						50892.8571428572,
						2,
						0
					],
					[
						51107.1428571429,
						0,
						0
					],
					[
						51214.2857142857,
						3,
						0
					],
					[
						51321.4285714286,
						2,
						0
					],
					[
						49714.2857142857,
						1,
						0
					],
					[
						49821.4285714286,
						1,
						0
					],
					[
						51000,
						1,
						0,
						2,
						0
					],
					[
						50250,
						2,
						0,
						2,
						0
					],
					[
						50464.2857142857,
						2,
						0,
						2,
						0
					]
				],
				"mustHitSection": true
			},
			{
				"lengthInSteps": 16,
				"sectionNotes": [
					[
						51750,
						0,
						0
					],
					[
						51857.1428571429,
						2,
						0
					],
					[
						52071.4285714286,
						0,
						0
					],
					[
						52285.7142857143,
						3,
						0
					],
					[
						52392.8571428572,
						2,
						0
					],
					[
						52714.2857142857,
						3,
						0
					],
					[
						52928.5714285714,
						1,
						0
					],
					[
						53035.7142857143,
						0,
						0
					],
					[
						51428.5714285714,
						1,
						0
					],
					[
						51642.8571428572,
						2,
						0
					],
					[
						51535.7142857143,
						1,
						0,
						2,
						0
					],
					[
						51964.2857142857,
						1,
						0,
						2,
						0
					],
					[
						52178.5714285715,
						1,
						0,
						2,
						0
					],
					[
						52500,
						1,
						0,
						2,
						0
					],
					[
						52821.4285714286,
						2,
						0,
						2,
						0
					],
					[
						52607.1428571429,
						0,
						0,
						0,
						0
					]
				],
				"mustHitSection": true
			},
			{
				"lengthInSteps": 16,
				"sectionNotes": [
					[
						53357,
						3,
						0
					],
					[
						53464,
						2,
						0
					],
					[
						53571,
						0,
						0
					],
					[
						53892,
						2,
						0
					],
					[
						53999,
						1,
						0
					],
					[
						54107,
						0,
						0
					],
					[
						54428,
						1,
						0
					],
					[
						53142,
						5,
						0
					],
					[
						53464,
						5,
						0
					],
					[
						53785,
						5,
						0
					],
					[
						54000,
						7,
						0
					],
					[
						54321,
						7,
						0
					],
					[
						54642,
						7,
						0
					],
					[
						54750,
						7,
						0
					],
					[
						54642,
						3,
						0
					],
					[
						53142,
						1,
						0
					],
					[
						53250,
						1,
						0,
						2,
						0
					],
					[
						53785.7142857143,
						3,
						0,
						2,
						0
					],
					[
						53678.5714285715,
						2,
						0,
						2,
						0
					],
					[
						54214.2857142857,
						1,
						0,
						2,
						0
					],
					[
						54321.4285714286,
						2,
						0,
						0,
						0
					],
					[
						54535.7142857143,
						0,
						0,
						2,
						0
					],
					[
						54750,
						2,
						0,
						2,
						0
					]
				],
				"mustHitSection": true
			},
			{
				"sectionNotes": [
					[
						55178,
						0,
						0
					],
					[
						55285,
						2,
						0
					],
					[
						55392,
						1,
						0
					],
					[
						55607,
						1,
						0
					],
					[
						55928,
						1,
						0
					],
					[
						56035,
						0,
						0
					],
					[
						56142,
						3,
						0
					],
					[
						56249,
						2,
						0
					],
					[
						56464,
						0,
						0
					],
					[
						54857,
						5,
						0
					],
					[
						55178,
						5,
						0
					],
					[
						55392,
						5,
						0
					],
					[
						55607,
						5,
						0
					],
					[
						55500,
						6,
						0
					],
					[
						54857,
						1,
						0
					],
					[
						55714.2857142857,
						3,
						0
					],
					[
						55821.4285714286,
						6,
						642.857142857143
					],
					[
						55821.4285714286,
						5,
						642.857142857143
					],
					[
						55821.4285714286,
						4,
						642.857142857143
					],
					[
						55821.4285714286,
						7,
						642.857142857143
					],
					[
						55071.4285714286,
						2,
						0,
						2,
						0
					],
					[
						55500,
						0,
						0,
						2,
						0
					],
					[
						55821.4285714286,
						2,
						0,
						2,
						0
					],
					[
						56357.1428571429,
						1,
						0,
						2,
						0
					],
					[
						54964.2857142857,
						1,
						0,
						2,
						0
					]
				],
				"typeOfSection": 0,
				"lengthInSteps": 16,
				"altAnim": false,
				"mustHitSection": true,
				"changeBPM": false,
				"bpm": 100
			},
			{
				"sectionNotes": [
					[
						57428.5714285715,
						2,
						107.142857142857
					],
					[
						57642.8571428572,
						1,
						321.428571428571
					],
					[
						58071.4285714286,
						2,
						107.142857142857
					]
				],
				"typeOfSection": 0,
				"lengthInSteps": 16,
				"altAnim": false,
				"mustHitSection": false,
				"changeBPM": false,
				"bpm": 175
			},
			{
				"sectionNotes": [
					[
						58285.7142857143,
						1,
						321.428571428571
					],
					[
						58714.2857142858,
						2,
						107.142857142857
					],
					[
						58928.5714285715,
						1,
						321.428571428571
					],
					[
						59357.1428571429,
						0,
						857.142857142857
					]
				],
				"typeOfSection": 0,
				"lengthInSteps": 16,
				"altAnim": false,
				"mustHitSection": false,
				"changeBPM": false,
				"bpm": 175
			},
			{
				"sectionNotes": [
					[
						60642.8571428572,
						1,
						107.142857142857
					],
					[
						60857.1428571429,
						2,
						107.142857142857
					],
					[
						61071.4285714286,
						1,
						321.428571428571
					],
					[
						61500,
						0,
						107.142857142857
					]
				],
				"typeOfSection": 0,
				"lengthInSteps": 16,
				"altAnim": false,
				"mustHitSection": true,
				"changeBPM": false,
				"bpm": 175
			},
			{
				"sectionNotes": [
					[
						61714.2857142858,
						2,
						321.428571428571
					],
					[
						62142.8571428572,
						3,
						107.142857142857
					],
					[
						62357.1428571429,
						2,
						321.428571428571
					],
					[
						62785.7142857143,
						0,
						750
					]
				],
				"typeOfSection": 0,
				"lengthInSteps": 16,
				"altAnim": false,
				"mustHitSection": true,
				"changeBPM": false,
				"bpm": 175
			},
			{
				"sectionNotes": [
					[
						64285.7142857143,
						2,
						107.142857142857
					],
					[
						64500,
						1,
						321.428571428571
					],
					[
						64928.5714285715,
						2,
						107.142857142857
					]
				],
				"typeOfSection": 0,
				"lengthInSteps": 16,
				"altAnim": false,
				"mustHitSection": false,
				"changeBPM": false,
				"bpm": 175
			},
			{
				"lengthInSteps": 16,
				"typeOfSection": 0,
				"sectionNotes": [
					[
						65142.8571428572,
						1,
						321.428571428571
					],
					[
						65571.4285714286,
						2,
						107.142857142857
					],
					[
						65785.7142857143,
						1,
						321.428571428571
					],
					[
						66214.2857142858,
						0,
						857.142857142857
					]
				],
				"altAnim": false,
				"bpm": 175,
				"changeBPM": false,
				"mustHitSection": false
			},
			{
				"lengthInSteps": 16,
				"typeOfSection": 0,
				"sectionNotes": [
					[
						67500.0000000001,
						1,
						0
					],
					[
						67714.2857142858,
						1,
						107.142857142857
					],
					[
						67928.5714285715,
						0,
						321.428571428571
					],
					[
						68357.1428571429,
						1,
						107.142857142857
					]
				],
				"altAnim": false,
				"bpm": 140,
				"changeBPM": false,
				"mustHitSection": true
			},
			{
				"lengthInSteps": 16,
				"typeOfSection": 0,
				"sectionNotes": [
					[
						68571.4285714286,
						2,
						321.428571428571
					],
					[
						69000.0000000001,
						3,
						107.142857142857
					],
					[
						69214.2857142858,
						2,
						321.428571428571
					],
					[
						69642.8571428572,
						1,
						535.714285714286
					]
				],
				"altAnim": false,
				"bpm": 140,
				"changeBPM": false,
				"mustHitSection": true
			},
			{
				"lengthInSteps": 16,
				"typeOfSection": 0,
				"sectionNotes": [
					[
						71142.8571428572,
						2,
						107.142857142857
					],
					[
						71357.1428571429,
						1,
						321.428571428571
					],
					[
						71785.7142857143,
						2,
						107.142857142857
					]
				],
				"altAnim": false,
				"bpm": 140,
				"changeBPM": false,
				"mustHitSection": false
			},
			{
				"lengthInSteps": 16,
				"typeOfSection": 0,
				"sectionNotes": [
					[
						73071.4285714286,
						0,
						857.142857142857
					],
					[
						72107.1428571429,
						2,
						0
					],
					[
						72000,
						1,
						0
					],
					[
						72214.2857142858,
						1,
						107.142857142857
					],
					[
						72428.5714285715,
						3,
						107.142857142857
					],
					[
						72642.8571428572,
						0,
						0
					],
					[
						72750,
						1,
						0
					],
					[
						72857.1428571429,
						2,
						107.142857142857
					]
				],
				"altAnim": false,
				"bpm": 140,
				"changeBPM": false,
				"mustHitSection": false
			},
			{
				"lengthInSteps": 16,
				"typeOfSection": 0,
				"sectionNotes": [
					[
						74357.1428571429,
						1,
						107.142857142857
					],
					[
						75214.2857142858,
						0,
						107.142857142857
					],
					[
						74571.4285714286,
						2,
						0
					],
					[
						74678.5714285715,
						0,
						0
					],
					[
						74785.7142857143,
						1,
						321.428571428571
					]
				],
				"altAnim": false,
				"bpm": 140,
				"changeBPM": false,
				"mustHitSection": true
			},
			{
				"lengthInSteps": 16,
				"typeOfSection": 0,
				"sectionNotes": [
					[
						76500,
						0,
						750
					],
					[
						75428.5714285715,
						2,
						107.142857142857
					],
					[
						75642.8571428572,
						3,
						0
					],
					[
						75750,
						2,
						0
					],
					[
						75857.1428571429,
						1,
						0
					],
					[
						75964.2857142858,
						2,
						0
					],
					[
						76071.4285714286,
						3,
						321.428571428571
					]
				],
				"altAnim": false,
				"bpm": 140,
				"changeBPM": false,
				"mustHitSection": true
			},
			{
				"lengthInSteps": 16,
				"typeOfSection": 0,
				"sectionNotes": [
					[
						78000,
						2,
						107.142857142857
					],
					[
						78214.2857142858,
						1,
						321.428571428571
					],
					[
						78642.8571428572,
						2,
						107.142857142857
					]
				],
				"altAnim": false,
				"bpm": 140,
				"changeBPM": false,
				"mustHitSection": false
			},
			{
				"lengthInSteps": 16,
				"typeOfSection": 0,
				"sectionNotes": [
					[
						79928.5714285715,
						0,
						857.142857142857
					],
					[
						79285.7142857143,
						3,
						107.142857142857
					],
					[
						78857.1428571429,
						2,
						0
					],
					[
						78964.2857142857,
						1,
						0
					],
					[
						79071.4285714286,
						2,
						107.142857142857
					],
					[
						79500,
						2,
						0
					],
					[
						79607.1428571429,
						3,
						0
					],
					[
						79714.2857142857,
						2,
						107.142857142857
					]
				],
				"altAnim": false,
				"bpm": 140,
				"changeBPM": false,
				"mustHitSection": false
			},
			{
				"lengthInSteps": 16,
				"typeOfSection": 0,
				"sectionNotes": [
					[
						81214.2857142858,
						1,
						0
					],
					[
						81428.5714285715,
						1,
						107.142857142857
					],
					[
						81642.8571428572,
						0,
						321.428571428571
					],
					[
						82071.4285714286,
						1,
						107.142857142857
					]
				],
				"altAnim": false,
				"bpm": 140,
				"changeBPM": false,
				"mustHitSection": true
			},
			{
				"lengthInSteps": 16,
				"typeOfSection": 0,
				"sectionNotes": [
					[
						82714.2857142858,
						3,
						107.142857142857
					],
					[
						82928.5714285715,
						2,
						321.428571428571
					],
					[
						83357.1428571429,
						1,
						535.714285714286
					],
					[
						82285.7142857143,
						2,
						321.428571428571,
						0,
						0
					],
					[
						82285.7142857143,
						4,
						321.428571428571,
						0,
						0
					],
					[
						82714.2857142857,
						5,
						321.428571428571,
						0,
						0
					],
					[
						83464.2857142857,
						7,
						428.571428571429,
						0,
						0
					],
					[
						83142.8571428572,
						7,
						107.142857142857,
						0,
						0
					]
				],
				"altAnim": false,
				"bpm": 140,
				"changeBPM": false,
				"mustHitSection": true
			},
			{
				"lengthInSteps": 16,
				"typeOfSection": 0,
				"sectionNotes": [
					[
						84000,
						1,
						750
					],
					[
						84857.1428571429,
						3,
						750
					]
				],
				"altAnim": false,
				"bpm": 140,
				"changeBPM": false,
				"mustHitSection": false
			},
			{
				"lengthInSteps": 16,
				"typeOfSection": 0,
				"sectionNotes": [
					[
						85714.2857142857,
						0,
						750
					],
					[
						86571.4285714286,
						2,
						750
					]
				],
				"altAnim": false,
				"bpm": 140,
				"changeBPM": false,
				"mustHitSection": false
			},
			{
				"lengthInSteps": 16,
				"typeOfSection": 0,
				"sectionNotes": [
					[
						88285.7142857143,
						3,
						750
					],
					[
						87428.5714285714,
						2,
						750,
						0,
						0
					],
					[
						87428.5714285714,
						0,
						750,
						0,
						0
					],
					[
						88285.7142857143,
						1,
						750,
						0,
						0
					]
				],
				"altAnim": false,
				"bpm": 140,
				"changeBPM": false,
				"mustHitSection": false
			},
			{
				"lengthInSteps": 16,
				"typeOfSection": 0,
				"sectionNotes": [
					[
						89142.8571428571,
						2,
						750,
						0,
						0
					],
					[
						89142.8571428571,
						3,
						750,
						0,
						0
					],
					[
						90000,
						0,
						750,
						0,
						0
					],
					[
						90000,
						1,
						750,
						0,
						0
					]
				],
				"altAnim": false,
				"bpm": 140,
				"changeBPM": false,
				"mustHitSection": false
			},
			{
				"lengthInSteps": 16,
				"typeOfSection": 0,
				"sectionNotes": [
					[
						90857.1428571429,
						1,
						750
					],
					[
						91714.2857142857,
						3,
						750
					],
					[
						91285.7142857143,
						3,
						0,
						3,
						0
					],
					[
						91607.1428571429,
						0,
						0,
						3,
						0
					],
					[
						92250,
						2,
						0,
						3,
						0
					],
					[
						92464.2857142857,
						1,
						0,
						3,
						0
					]
				],
				"altAnim": false,
				"bpm": 140,
				"changeBPM": false,
				"mustHitSection": true
			},
			{
				"lengthInSteps": 16,
				"typeOfSection": 0,
				"sectionNotes": [
					[
						92571.4285714286,
						0,
						750
					],
					[
						93428.5714285714,
						2,
						750
					],
					[
						92785.7142857143,
						3,
						0,
						3,
						0
					],
					[
						93000,
						1,
						0,
						3,
						0
					],
					[
						93214.2857142857,
						3,
						0,
						3,
						0
					],
					[
						93750,
						1,
						0,
						3,
						0
					],
					[
						94071.4285714286,
						3,
						0,
						3,
						0
					]
				],
				"altAnim": false,
				"bpm": 140,
				"changeBPM": false,
				"mustHitSection": true
			},
			{
				"lengthInSteps": 16,
				"typeOfSection": 0,
				"sectionNotes": [
					[
						94285.7142857143,
						5,
						750
					],
					[
						94285.7142857143,
						2,
						750
					],
					[
						94285.7142857143,
						0,
						750,
						0,
						0
					],
					[
						94285.7142857143,
						7,
						750,
						0,
						0
					],
					[
						95142.8571428571,
						1,
						750,
						0,
						0
					],
					[
						95142.8571428571,
						3,
						750,
						0,
						0
					],
					[
						95142.8571428571,
						4,
						750,
						0,
						0
					],
					[
						95142.8571428571,
						6,
						750,
						0,
						0
					],
					[
						94392.8571428571,
						1,
						0,
						3,
						0
					],
					[
						94607.1428571428,
						3,
						0,
						3,
						0
					],
					[
						94821.4285714286,
						1,
						0,
						3,
						0
					],
					[
						95357.1428571428,
						2,
						0,
						3,
						0
					],
					[
						95571.4285714286,
						0,
						0,
						3,
						0
					],
					[
						95785.7142857143,
						2,
						0,
						3,
						0
					]
				],
				"altAnim": false,
				"bpm": 140,
				"changeBPM": false,
				"mustHitSection": true
			},
			{
				"lengthInSteps": 16,
				"typeOfSection": 0,
				"sectionNotes": [
					[
						96000,
						3,
						750,
						0,
						0
					],
					[
						96000,
						2,
						750,
						0,
						0
					],
					[
						96000,
						5,
						750,
						0,
						0
					],
					[
						96857.1428571428,
						0,
						750,
						0,
						0
					],
					[
						96857.1428571428,
						1,
						750,
						0,
						0
					],
					[
						96857.1428571428,
						6,
						750,
						0,
						0
					],
					[
						96428.5714285714,
						0,
						0,
						3,
						0
					],
					[
						97285.7142857143,
						2,
						0,
						3,
						0
					],
					[
						96000,
						4,
						750,
						0,
						0
					],
					[
						96857.1428571428,
						7,
						750,
						0,
						0
					]
				],
				"altAnim": false,
				"bpm": 140,
				"changeBPM": false,
				"mustHitSection": true
			},
			{
				"lengthInSteps": 16,
				"typeOfSection": 0,
				"sectionNotes": [
					[
						97928.5714285714,
						1,
						0
					],
					[
						98035.7142857143,
						3,
						0
					],
					[
						98142.8571428571,
						2,
						0
					],
					[
						98250,
						3,
						0
					],
					[
						98357.1428571428,
						2,
						0
					],
					[
						98464.2857142857,
						0,
						0
					],
					[
						98571.4285714286,
						1,
						107.142857142857
					],
					[
						99000,
						2,
						107.142857142857
					],
					[
						99214.2857142857,
						1,
						107.142857142857
					],
					[
						98785.7142857143,
						0,
						0
					],
					[
						98892.8571428571,
						3,
						0
					]
				],
				"altAnim": false,
				"bpm": 140,
				"changeBPM": false,
				"mustHitSection": false
			},
			{
				"lengthInSteps": 16,
				"typeOfSection": 0,
				"sectionNotes": [
					[
						100285.714285714,
						1,
						750
					],
					[
						99428.5714285714,
						2,
						750
					]
				],
				"altAnim": false,
				"bpm": 140,
				"changeBPM": false,
				"mustHitSection": false
			},
			{
				"lengthInSteps": 16,
				"typeOfSection": 0,
				"sectionNotes": [
					[
						101142.857142857,
						3,
						0
					],
					[
						101464.285714286,
						2,
						0
					],
					[
						101250,
						0,
						0
					],
					[
						101357.142857143,
						1,
						0
					],
					[
						102000,
						2,
						214.285714285714
					],
					[
						102321.428571429,
						1,
						214.285714285714
					],
					[
						102642.857142857,
						0,
						107.142857142857
					],
					[
						101571.428571429,
						3,
						107.142857142857
					],
					[
						101785.714285714,
						0,
						0
					],
					[
						101892.857142857,
						3,
						0
					]
				],
				"altAnim": false,
				"bpm": 140,
				"changeBPM": false,
				"mustHitSection": false
			},
			{
				"lengthInSteps": 16,
				"typeOfSection": 0,
				"sectionNotes": [
					[
						102857.142857143,
						3,
						0
					],
					[
						102964.285714286,
						0,
						0
					],
					[
						103071.428571429,
						2,
						0
					],
					[
						103178.571428571,
						1,
						0
					],
					[
						103285.714285714,
						0,
						0
					],
					[
						103392.857142857,
						2,
						0
					],
					[
						103500,
						3,
						0
					],
					[
						103714.285714286,
						2,
						321.428571428571
					],
					[
						104142.857142857,
						0,
						321.428571428571
					],
					[
						103607.142857143,
						0,
						0
					],
					[
						103671.428571429,
						1,
						0
					]
				],
				"altAnim": false,
				"bpm": 140,
				"changeBPM": false,
				"mustHitSection": false
			},
			{
				"lengthInSteps": 16,
				"typeOfSection": 0,
				"sectionNotes": [
					[
						104785.714285714,
						1,
						0
					],
					[
						104892.857142857,
						3,
						0
					],
					[
						105107.142857143,
						3,
						0
					],
					[
						105214.285714286,
						2,
						0
					],
					[
						105321.428571429,
						0,
						0
					],
					[
						105428.571428571,
						1,
						107.142857142857
					],
					[
						105857.142857143,
						2,
						107.142857142857
					],
					[
						106071.428571429,
						1,
						107.142857142857
					],
					[
						104571.428571429,
						4,
						750
					],
					[
						105428.571428571,
						7,
						750
					],
					[
						105750,
						3,
						0
					],
					[
						105000,
						2,
						0,
						2,
						0
					],
					[
						105642.857142857,
						0,
						0,
						2,
						0
					]
				],
				"altAnim": false,
				"bpm": 140,
				"changeBPM": false,
				"mustHitSection": true
			},
			{
				"lengthInSteps": 16,
				"typeOfSection": 0,
				"sectionNotes": [
					[
						106285.714285714,
						5,
						1607.14285714286
					],
					[
						107142.857142857,
						1,
						750
					],
					[
						106285.714285714,
						2,
						750
					]
				],
				"altAnim": false,
				"bpm": 140,
				"changeBPM": false,
				"mustHitSection": true
			},
			{
				"lengthInSteps": 16,
				"typeOfSection": 0,
				"sectionNotes": [
					[
						108000,
						3,
						0
					],
					[
						108321.428571429,
						2,
						0
					],
					[
						108107.142857143,
						0,
						0
					],
					[
						109178.571428571,
						1,
						214.285714285714
					],
					[
						109500,
						0,
						107.142857142857
					],
					[
						108000,
						7,
						750
					],
					[
						108428.571428571,
						3,
						107.142857142857
					],
					[
						108750,
						3,
						0
					],
					[
						108857.142857143,
						6,
						535.714285714286
					],
					[
						109500,
						7,
						0
					],
					[
						108857.142857143,
						2,
						214.285714285714
					],
					[
						109607.142857143,
						5,
						0
					],
					[
						108214.285714286,
						1,
						0,
						2,
						0
					],
					[
						108642.857142857,
						0,
						0,
						2,
						0
					]
				],
				"altAnim": false,
				"bpm": 140,
				"changeBPM": false,
				"mustHitSection": true
			},
			{
				"lengthInSteps": 16,
				"typeOfSection": 0,
				"sectionNotes": [
					[
						109714.285714286,
						3,
						0
					],
					[
						109821.428571429,
						0,
						0
					],
					[
						109928.571428571,
						2,
						0
					],
					[
						110142.857142857,
						0,
						0
					],
					[
						110250,
						2,
						0
					],
					[
						110571.428571429,
						2,
						321.428571428571
					],
					[
						111000,
						1,
						321.428571428571
					],
					[
						109714.285714286,
						4,
						1607.14285714286
					],
					[
						110528.571428571,
						1,
						0
					],
					[
						110035.714285714,
						1,
						0,
						2,
						0
					],
					[
						110464.285714286,
						0,
						0,
						2,
						0
					],
					[
						110357.142857143,
						3,
						0,
						2,
						0
					]
				],
				"altAnim": false,
				"bpm": 140,
				"changeBPM": false,
				"mustHitSection": true
			},
			{
				"lengthInSteps": 16,
				"typeOfSection": 0,
				"sectionNotes": [
					[
						112285,
						1,
						107
					],
					[
						112499,
						0,
						107
					],
					[
						112714,
						2,
						107
					],
					[
						112928,
						1,
						107
					],
					[
						111428,
						4,
						749
					],
					[
						112285,
						7,
						749
					],
					[
						111642,
						0,
						0
					],
					[
						111749,
						1,
						0
					],
					[
						111857,
						2,
						0
					],
					[
						111964,
						1,
						0
					],
					[
						112071,
						2,
						0
					],
					[
						112178,
						3,
						0
					],
					[
						112821.428571429,
						5,
						0,
						3,
						0
					],
					[
						112607.142857143,
						6,
						0,
						3,
						0
					],
					[
						111857.142857143,
						6,
						0,
						3,
						0
					]
				],
				"altAnim": false,
				"bpm": 140,
				"changeBPM": false,
				"mustHitSection": false
			},
			{
				"lengthInSteps": 16,
				"typeOfSection": 0,
				"sectionNotes": [
					[
						113142,
						5,
						1607
					],
					[
						113999,
						1,
						749
					],
					[
						113142,
						2,
						749
					],
					[
						114000,
						7,
						0,
						3,
						0
					],
					[
						114428.571428571,
						4,
						0,
						3,
						0
					],
					[
						114642.857142857,
						6,
						0,
						3,
						0
					]
				],
				"altAnim": false,
				"bpm": 140,
				"changeBPM": false,
				"mustHitSection": false
			},
			{
				"lengthInSteps": 16,
				"typeOfSection": 0,
				"sectionNotes": [
					[
						115071,
						1,
						0
					],
					[
						116035,
						1,
						214
					],
					[
						116357,
						0,
						107
					],
					[
						114964,
						2,
						0
					],
					[
						114857,
						0,
						0
					],
					[
						115178,
						0,
						0
					],
					[
						114857,
						4,
						749
					],
					[
						115714,
						2,
						214
					],
					[
						116357.142857143,
						7,
						0
					],
					[
						115714.285714286,
						5,
						535.714285714286
					],
					[
						115285.714285714,
						3,
						107.142857142857
					],
					[
						115500,
						2,
						0
					],
					[
						115607.142857143,
						1,
						0
					],
					[
						116464.285714286,
						5,
						0
					],
					[
						115285.714285714,
						7,
						0,
						3,
						0
					],
					[
						115928.571428571,
						4,
						0,
						3,
						0
					]
				],
				"altAnim": false,
				"bpm": 140,
				"changeBPM": false,
				"mustHitSection": false
			},
			{
				"lengthInSteps": 16,
				"typeOfSection": 0,
				"sectionNotes": [
					[
						116571,
						3,
						0
					],
					[
						116678,
						0,
						0
					],
					[
						116785,
						2,
						0
					],
					[
						116892,
						1,
						0
					],
					[
						116999,
						0,
						0
					],
					[
						117107,
						2,
						0
					],
					[
						117214,
						3,
						0
					],
					[
						117321,
						0,
						0
					],
					[
						117428,
						2,
						321
					],
					[
						117857,
						1,
						321
					],
					[
						116571,
						6,
						1607
					],
					[
						117369.642857143,
						3,
						0
					],
					[
						116892.857142857,
						4,
						0,
						3,
						0
					],
					[
						117214.285714286,
						7,
						0,
						3,
						0
					],
					[
						117428.571428571,
						5,
						0,
						3,
						0
					],
					[
						117964.285714286,
						7,
						0,
						3,
						0
					],
					[
						117750,
						4,
						0,
						3,
						0
					]
				],
				"altAnim": false,
				"bpm": 140,
				"changeBPM": false,
				"mustHitSection": false
			},
			{
				"lengthInSteps": 16,
				"typeOfSection": 0,
				"sectionNotes": [
					[
						119142,
						1,
						107
					],
					[
						119571,
						2,
						107
					],
					[
						119785,
						1,
						107
					],
					[
						118285,
						4,
						749
					],
					[
						119142,
						7,
						749
					],
					[
						118499,
						0,
						0
					],
					[
						118714,
						2,
						0
					],
					[
						118821,
						1,
						0
					],
					[
						119357.142857143,
						0,
						0
					],
					[
						119464.285714286,
						3,
						0
					],
					[
						118607.142857143,
						1,
						0,
						2,
						0
					],
					[
						118928.571428571,
						2,
						0,
						2,
						0
					],
					[
						119035.714285714,
						3,
						0,
						2,
						0
					]
				],
				"altAnim": false,
				"bpm": 140,
				"changeBPM": false,
				"mustHitSection": true
			},
			{
				"lengthInSteps": 16,
				"typeOfSection": 0,
				"sectionNotes": [
					[
						119999.142857143,
						5,
						1607
					],
					[
						120856.142857143,
						1,
						749
					],
					[
						119999.142857143,
						2,
						749
					],
					[
						120214.285714286,
						0,
						0,
						3,
						0
					],
					[
						120642.857142857,
						3,
						0,
						3,
						0
					],
					[
						121392.857142857,
						0,
						0,
						3,
						0
					],
					[
						121178.571428571,
						2,
						0,
						3,
						0
					]
				],
				"altAnim": false,
				"bpm": 140,
				"changeBPM": false,
				"mustHitSection": true
			},
			{
				"lengthInSteps": 16,
				"typeOfSection": 0,
				"sectionNotes": [
					[
						122892.142857143,
						1,
						214
					],
					[
						123214.142857143,
						0,
						107
					],
					[
						121821.142857143,
						2,
						0
					],
					[
						121714.142857143,
						0,
						0
					],
					[
						122035.142857143,
						0,
						0
					],
					[
						121714.142857143,
						4,
						749
					],
					[
						122571.142857143,
						2,
						214
					],
					[
						122571.142857143,
						5,
						749
					],
					[
						122142.857142857,
						3,
						107.142857142857
					],
					[
						121928.571428571,
						1,
						0,
						2,
						0
					],
					[
						122357.142857143,
						2,
						0,
						2,
						0
					],
					[
						122464.285714286,
						1,
						0,
						2,
						0
					]
				],
				"altAnim": false,
				"bpm": 140,
				"changeBPM": false,
				"mustHitSection": true
			},
			{
				"lengthInSteps": 16,
				"typeOfSection": 0,
				"sectionNotes": [
					[
						123428.142857143,
						3,
						0
					],
					[
						123642.142857143,
						2,
						0
					],
					[
						123856.142857143,
						0,
						0
					],
					[
						123964.142857143,
						2,
						0
					],
					[
						124285.142857143,
						2,
						321
					],
					[
						124714.142857143,
						1,
						321
					],
					[
						123428.571428571,
						6,
						750
					],
					[
						124285.714285714,
						7,
						750
					],
					[
						124285.714285714,
						6,
						750
					],
					[
						124285.714285714,
						5,
						750
					],
					[
						124285.714285714,
						4,
						750
					],
					[
						124232.142857143,
						3,
						0
					],
					[
						123750,
						1,
						0,
						2,
						0
					],
					[
						123535.714285714,
						0,
						0,
						2,
						0
					],
					[
						124071.428571428,
						3,
						0,
						2,
						0
					],
					[
						124178.571428571,
						0,
						0,
						2,
						0
					]
				],
				"altAnim": false,
				"bpm": 140,
				"changeBPM": false,
				"mustHitSection": true
			},
			{
				"lengthInSteps": 16,
				"typeOfSection": 0,
				"sectionNotes": [
					[
						125142.857142857,
						0,
						0
					],
					[
						125357.142857143,
						2,
						0
					],
					[
						125464.285714286,
						3,
						0
					],
					[
						125785.714285714,
						2,
						0
					],
					[
						125892.857142857,
						3,
						0
					],
					[
						125571.428571428,
						0,
						0
					],
					[
						126000,
						1,
						0
					],
					[
						126107.142857143,
						0,
						0
					],
					[
						126214.285714286,
						2,
						0
					],
					[
						126321.428571428,
						1,
						0
					],
					[
						126428.571428571,
						2,
						0
					],
					[
						126535.714285714,
						3,
						0
					],
					[
						126642.857142857,
						2,
						0
					],
					[
						126750,
						0,
						0
					]
				],
				"altAnim": false,
				"bpm": 140,
				"changeBPM": false,
				"mustHitSection": false
			},
			{
				"lengthInSteps": 16,
				"typeOfSection": 0,
				"sectionNotes": [
					[
						126857.142857143,
						1,
						0
					],
					[
						127071.428571428,
						1,
						0
					],
					[
						127285.714285714,
						3,
						107.142857142857
					],
					[
						127500,
						1,
						107.142857142857
					],
					[
						127928.571428571,
						0,
						107.142857142857
					],
					[
						128142.857142857,
						3,
						107.142857142857
					],
					[
						128357.142857143,
						2,
						107.142857142857
					],
					[
						126964.285714286,
						0,
						0
					],
					[
						127178.571428571,
						2,
						0
					],
					[
						127714.285714286,
						2,
						0
					],
					[
						127821.428571428,
						1,
						0
					]
				],
				"altAnim": false,
				"bpm": 140,
				"changeBPM": false,
				"mustHitSection": false
			},
			{
				"lengthInSteps": 16,
				"typeOfSection": 0,
				"sectionNotes": [
					[
						128571.428571428,
						0,
						0
					],
					[
						129428.571428571,
						0,
						0
					],
					[
						129535.714285714,
						2,
						0
					],
					[
						129642.857142857,
						3,
						0
					],
					[
						129750,
						2,
						0
					],
					[
						128678.571428571,
						1,
						0
					],
					[
						128785.714285714,
						2,
						0
					],
					[
						128892.857142857,
						3,
						0
					],
					[
						129000,
						2,
						0
					],
					[
						129107.142857143,
						1,
						0
					],
					[
						129214.285714286,
						2,
						0
					],
					[
						129321.428571428,
						3,
						0
					],
					[
						130071.428571428,
						3,
						0
					],
					[
						130178.571428571,
						2,
						0
					],
					[
						129857.142857143,
						1,
						0
					],
					[
						129964.285714286,
						0,
						0
					]
				],
				"altAnim": false,
				"bpm": 140,
				"changeBPM": false,
				"mustHitSection": false
			},
			{
				"lengthInSteps": 16,
				"typeOfSection": 0,
				"sectionNotes": [
					[
						130285.714285714,
						1,
						0
					],
					[
						130500,
						1,
						0
					],
					[
						130607.142857143,
						2,
						0
					],
					[
						130714.285714286,
						3,
						0
					],
					[
						130821.428571428,
						0,
						0
					],
					[
						130928.571428571,
						2,
						107.142857142857
					],
					[
						131142.857142857,
						3,
						321.428571428571
					],
					[
						131142.857142857,
						1,
						0
					],
					[
						131571.428571428,
						0,
						0
					],
					[
						131571.428571428,
						2,
						321.428571428571
					]
				],
				"altAnim": false,
				"bpm": 140,
				"changeBPM": false,
				"mustHitSection": false
			},
			{
				"lengthInSteps": 16,
				"typeOfSection": 0,
				"sectionNotes": [
					[
						132321.428571429,
						3,
						0
					],
					[
						132750,
						3,
						0
					],
					[
						132428.571428571,
						0,
						0
					],
					[
						132964.285714286,
						0,
						0
					],
					[
						133178.571428571,
						1,
						0
					],
					[
						133392.857142857,
						3,
						0
					],
					[
						133500,
						2,
						0
					],
					[
						132000,
						0,
						0,
						0,
						0
					],
					[
						132214.285714286,
						2,
						0,
						2,
						0
					],
					[
						132642.857142857,
						2,
						0,
						2,
						0
					],
					[
						133071.428571428,
						2,
						0,
						2,
						0
					],
					[
						133607.142857143,
						0,
						0,
						2,
						0
					],
					[
						133392.857142857,
						0,
						0,
						3,
						0
					],
					[
						132857.142857143,
						3,
						0,
						3,
						0
					],
					[
						132857.142857143,
						1,
						0,
						0,
						0
					],
					[
						133285.714285714,
						2,
						0,
						0,
						0
					]
				],
				"altAnim": false,
				"bpm": 140,
				"changeBPM": false,
				"mustHitSection": true
			},
			{
				"lengthInSteps": 16,
				"typeOfSection": 0,
				"sectionNotes": [
					[
						134142.857142857,
						3,
						107.142857142857
					],
					[
						134357.142857143,
						1,
						107.142857142857
					],
					[
						134785.714285714,
						0,
						107.142857142857
					],
					[
						135000,
						3,
						107.142857142857
					],
					[
						135214.285714286,
						2,
						107.142857142857
					],
					[
						133821.428571428,
						0,
						0
					],
					[
						134035.714285714,
						2,
						0
					],
					[
						134571.428571428,
						2,
						0
					],
					[
						133714.285714286,
						1,
						0,
						2,
						0
					],
					[
						134678.571428571,
						1,
						0,
						2,
						0
					],
					[
						134142.857142857,
						0,
						0,
						3,
						0
					],
					[
						134678.571428571,
						3,
						0,
						3,
						0
					],
					[
						135107.142857143,
						0,
						0,
						3,
						0
					],
					[
						133928.571428571,
						1,
						0,
						0,
						0
					]
				],
				"altAnim": false,
				"bpm": 140,
				"changeBPM": false,
				"mustHitSection": true
			},
			{
				"lengthInSteps": 16,
				"typeOfSection": 0,
				"sectionNotes": [
					[
						135428.571428571,
						0,
						0
					],
					[
						136285.714285714,
						0,
						0
					],
					[
						136392.857142857,
						2,
						0
					],
					[
						136500,
						3,
						0
					],
					[
						135642.857142857,
						2,
						0
					],
					[
						135750,
						3,
						0
					],
					[
						136178.571428571,
						3,
						0
					],
					[
						136928.571428571,
						3,
						0
					],
					[
						136821.428571429,
						0,
						0
					],
					[
						135535.714285714,
						1,
						0,
						2,
						0
					],
					[
						136071.428571428,
						2,
						0,
						2,
						0
					],
					[
						137035.714285714,
						2,
						0,
						2,
						0
					],
					[
						135750,
						0,
						0,
						3,
						0
					],
					[
						135964.285714286,
						3,
						0,
						3,
						0
					],
					[
						136821.428571428,
						2,
						0,
						3,
						0
					],
					[
						135857.142857143,
						2,
						0,
						0,
						0
					],
					[
						135964.285714286,
						1,
						0,
						0,
						0
					],
					[
						136607.142857143,
						2,
						0,
						0,
						0
					],
					[
						136714.285714286,
						1,
						0,
						0,
						0
					]
				],
				"altAnim": false,
				"bpm": 140,
				"changeBPM": false,
				"mustHitSection": true
			},
			{
				"lengthInSteps": 16,
				"typeOfSection": 0,
				"sectionNotes": [
					[
						137142.857142857,
						1,
						0
					],
					[
						137571.428571429,
						3,
						0
					],
					[
						137785.714285714,
						2,
						107.142857142857
					],
					[
						138000,
						3,
						321.428571428571
					],
					[
						138428.571428571,
						2,
						321.428571428571
					],
					[
						137357.142857143,
						1,
						0,
						2,
						0
					],
					[
						137464.285714286,
						2,
						0,
						2,
						0
					],
					[
						138214.285714286,
						5,
						0,
						2,
						0
					],
					[
						138428.571428571,
						5,
						0,
						2,
						0
					],
					[
						138642.857142857,
						5,
						0,
						2,
						0
					],
					[
						137678.571428571,
						0,
						0,
						2,
						0
					],
					[
						138000,
						1,
						0,
						2,
						0
					],
					[
						138000,
						5,
						0,
						2,
						0
					],
					[
						138428.571428571,
						0,
						0,
						2,
						0
					]
				],
				"altAnim": false,
				"bpm": 140,
				"changeBPM": false,
				"mustHitSection": true
			},
			{
				"lengthInSteps": 16,
				"typeOfSection": 0,
				"sectionNotes": [
					[
						138857.142857143,
						5,
						750
					],
					[
						138857.142857143,
						0,
						0
					],
					[
						138964.285714286,
						1,
						0
					],
					[
						139071.428571428,
						2,
						0
					],
					[
						139178.571428571,
						3,
						0
					],
					[
						139285.714285714,
						0,
						0
					],
					[
						139392.857142857,
						1,
						0
					],
					[
						139500,
						2,
						0
					],
					[
						139607.142857143,
						3,
						0
					],
					[
						139714.285714286,
						1,
						107.142857142857
					],
					[
						139928.571428571,
						3,
						107.142857142857
					],
					[
						140142.857142857,
						2,
						0
					],
					[
						140250,
						3,
						0
					],
					[
						140357.142857143,
						1,
						0
					],
					[
						140464.285714286,
						2,
						0
					],
					[
						138857.142857143,
						7,
						0,
						2,
						0
					]
				],
				"altAnim": false,
				"bpm": 140,
				"changeBPM": false,
				"mustHitSection": false
			},
			{
				"lengthInSteps": 16,
				"typeOfSection": 0,
				"sectionNotes": [
					[
						140571.428571428,
						0,
						0
					],
					[
						140678.571428571,
						2,
						0
					],
					[
						140785.714285714,
						1,
						107.142857142857
					],
					[
						141000,
						2,
						107.142857142857
					],
					[
						141214.285714286,
						0,
						107.142857142857
					],
					[
						141428.571428571,
						3,
						0
					],
					[
						141535.714285714,
						1,
						0
					],
					[
						141642.857142857,
						2,
						107.142857142857
					],
					[
						141857.142857143,
						3,
						107.142857142857
					],
					[
						142071.428571428,
						1,
						107.142857142857
					]
				],
				"altAnim": false,
				"bpm": 140,
				"changeBPM": false,
				"mustHitSection": false
			},
			{
				"lengthInSteps": 16,
				"typeOfSection": 0,
				"sectionNotes": [
					[
						142285.714285714,
						3,
						0
					],
					[
						142392.857142857,
						2,
						0
					],
					[
						142500,
						1,
						0
					],
					[
						142607.142857143,
						2,
						0
					],
					[
						142714.285714286,
						1,
						0
					],
					[
						142821.428571428,
						0,
						0
					],
					[
						142928.571428571,
						1,
						0
					],
					[
						143035.714285714,
						2,
						0
					],
					[
						143142.857142857,
						3,
						0
					],
					[
						143250,
						2,
						0
					],
					[
						143357.142857143,
						3,
						0
					],
					[
						143464.285714286,
						1,
						0
					],
					[
						143571.428571428,
						0,
						0
					],
					[
						143678.571428571,
						2,
						0
					],
					[
						143571.428571428,
						5,
						321.428571428571
					],
					[
						143785.714285714,
						3,
						107.142857142857
					]
				],
				"altAnim": false,
				"bpm": 140,
				"changeBPM": false,
				"mustHitSection": false
			},
			{
				"lengthInSteps": 16,
				"typeOfSection": 0,
				"sectionNotes": [
					[
						144000,
						7,
						535.714285714286
					],
					[
						144857.142857143,
						4,
						750
					],
					[
						144750,
						5,
						0
					],
					[
						144000,
						0,
						0
					],
					[
						144107.142857143,
						1,
						0
					],
					[
						144214.285714286,
						2,
						0
					],
					[
						144321.428571428,
						1,
						0
					],
					[
						144642.857142857,
						6,
						0
					],
					[
						144428.571428571,
						0,
						0
					],
					[
						144535.714285714,
						2,
						0
					],
					[
						144642.857142857,
						1,
						0
					],
					[
						144857.142857143,
						3,
						321.428571428571
					],
					[
						145285.714285714,
						2,
						321.428571428571
					],
					[
						144857.142857143,
						1,
						0
					],
					[
						145285.714285714,
						0,
						0
					],
					[
						144750,
						2,
						0
					],
					[
						144214.285714286,
						4,
						0,
						3,
						0
					],
					[
						145071.428571428,
						5,
						0,
						3,
						0
					],
					[
						145285.714285714,
						7,
						0,
						3,
						0
					],
					[
						145500,
						5,
						0,
						3,
						0
					]
				],
				"altAnim": false,
				"bpm": 140,
				"changeBPM": false,
				"mustHitSection": false
			},
			{
				"lengthInSteps": 16,
				"typeOfSection": 0,
				"sectionNotes": [
					[
						145714.285714286,
						7,
						0
					],
					[
						145714.285714286,
						5,
						750
					],
					[
						145714.285714286,
						0,
						0
					],
					[
						146035.714285714,
						3,
						0
					],
					[
						146250,
						1,
						0
					],
					[
						146357.142857143,
						2,
						0
					],
					[
						146571.428571429,
						1,
						107.142857142857
					],
					[
						146785.714285714,
						3,
						107.142857142857
					],
					[
						147107.142857143,
						3,
						0
					],
					[
						147321.428571429,
						2,
						0
					],
					[
						145821.428571428,
						1,
						0,
						2,
						0
					],
					[
						146142.857142857,
						0,
						0,
						2,
						0
					],
					[
						147000,
						2,
						0,
						2,
						0
					],
					[
						147214.285714286,
						1,
						0,
						2,
						0
					],
					[
						145821.428571428,
						3,
						0,
						3,
						0
					],
					[
						146892.857142857,
						0,
						0,
						3,
						0
					],
					[
						145928.571428571,
						2,
						0,
						0,
						0
					],
					[
						146464.285714286,
						3,
						0,
						0,
						0
					]
				],
				"altAnim": false,
				"bpm": 140,
				"changeBPM": false,
				"mustHitSection": true
			},
			{
				"lengthInSteps": 16,
				"typeOfSection": 0,
				"sectionNotes": [
					[
						147535.714285714,
						2,
						0
					],
					[
						147642.857142857,
						1,
						107.142857142857
					],
					[
						147857.142857143,
						2,
						107.142857142857
					],
					[
						148071.428571428,
						0,
						107.142857142857
					],
					[
						148285.714285714,
						3,
						0
					],
					[
						148500,
						2,
						107.142857142857
					],
					[
						148714.285714286,
						3,
						107.142857142857
					],
					[
						148928.571428571,
						1,
						107.142857142857
					],
					[
						147428.571428571,
						0,
						0,
						2,
						0
					],
					[
						148392.857142857,
						1,
						0,
						2,
						0
					],
					[
						148071.428571428,
						3,
						0,
						3,
						0
					],
					[
						148714.285714286,
						0,
						0,
						3,
						0
					]
				],
				"altAnim": false,
				"bpm": 140,
				"changeBPM": false,
				"mustHitSection": true
			},
			{
				"lengthInSteps": 16,
				"typeOfSection": 0,
				"sectionNotes": [
					[
						149142.857142857,
						3,
						0
					],
					[
						149464.285714286,
						2,
						0
					],
					[
						149571.428571428,
						1,
						0
					],
					[
						149892.857142857,
						2,
						0
					],
					[
						150214.285714286,
						3,
						0
					],
					[
						150321.428571428,
						1,
						0
					],
					[
						150428.571428571,
						0,
						0
					],
					[
						150642.857142857,
						3,
						107.142857142857
					],
					[
						149357.142857143,
						1,
						0,
						2,
						0
					],
					[
						149678.571428571,
						0,
						0,
						2,
						0
					],
					[
						150000,
						3,
						0,
						2,
						0
					],
					[
						150535.714285714,
						2,
						0,
						2,
						0
					],
					[
						150000,
						0,
						0,
						3,
						0
					],
					[
						149571.428571428,
						3,
						0,
						3,
						0
					],
					[
						149142.857142857,
						0,
						0,
						3,
						0
					],
					[
						150642.857142857,
						0,
						0,
						3,
						0
					],
					[
						149250,
						2,
						0,
						0,
						0
					],
					[
						149785.714285714,
						1,
						0,
						0,
						0
					],
					[
						150107.142857143,
						2,
						0,
						0,
						0
					]
				],
				"altAnim": false,
				"bpm": 140,
				"changeBPM": false,
				"mustHitSection": true
			},
			{
				"lengthInSteps": 16,
				"typeOfSection": 0,
				"sectionNotes": [
					[
						150857.142857143,
						0,
						0
					],
					[
						151071.428571428,
						2,
						0
					],
					[
						151285.714285714,
						0,
						0
					],
					[
						151392.857142857,
						2,
						0
					],
					[
						151714.285714286,
						3,
						321.428571428571
					],
					[
						152142.857142857,
						2,
						321.428571428571
					],
					[
						151714.285714286,
						1,
						0
					],
					[
						152142.857142857,
						0,
						0
					],
					[
						150964.285714286,
						1,
						0,
						2,
						0
					],
					[
						151178.571428571,
						1,
						0,
						2,
						0
					],
					[
						151607.142857143,
						2,
						0,
						2,
						0
					],
					[
						151607.142857143,
						0,
						0,
						3,
						0
					],
					[
						152142.857142857,
						1,
						0,
						3,
						0
					],
					[
						151500,
						1,
						0,
						0,
						0
					]
				],
				"altAnim": false,
				"bpm": 140,
				"changeBPM": false,
				"mustHitSection": true
			},
			{
				"lengthInSteps": 16,
				"typeOfSection": 0,
				"sectionNotes": [
					[
						152571.428571428,
						1,
						2785.71428571429
					],
					[
						152571.428571428,
						0,
						0,
						3,
						0
					],
					[
						152571.428571428,
						2,
						0,
						3,
						0
					],
					[
						152571.428571428,
						3,
						0,
						3,
						0
					]
				],
				"altAnim": false,
				"bpm": 140,
				"changeBPM": false,
				"mustHitSection": true
			},
			{
				"lengthInSteps": 16,
				"typeOfSection": 0,
				"sectionNotes": [],
				"altAnim": false,
				"bpm": 140,
				"changeBPM": false,
				"mustHitSection": true
			},
			{
				"sectionNotes": [],
				"typeOfSection": 0,
				"lengthInSteps": 16,
				"altAnim": false,
				"mustHitSection": true,
				"changeBPM": false,
				"bpm": 140
			},
			{
				"lengthInSteps": 16,
				"typeOfSection": 0,
				"sectionNotes": [],
				"altAnim": false,
				"bpm": 140,
				"changeBPM": false,
				"mustHitSection": true
			},
			{
				"lengthInSteps": 16,
				"typeOfSection": 0,
				"sectionNotes": [],
				"altAnim": false,
				"bpm": 140,
				"changeBPM": false,
				"mustHitSection": true
			},
			{
				"sectionNotes": [],
				"typeOfSection": 0,
				"lengthInSteps": 16,
				"altAnim": false,
				"mustHitSection": true,
				"changeBPM": false,
				"bpm": 140
			},
			{
				"sectionNotes": [],
				"typeOfSection": 0,
				"lengthInSteps": 16,
				"altAnim": false,
				"mustHitSection": true,
				"changeBPM": false,
				"bpm": 140
			},
			{
				"lengthInSteps": 16,
				"typeOfSection": 0,
				"sectionNotes": [],
				"altAnim": false,
				"bpm": 140,
				"changeBPM": false,
				"mustHitSection": true
			},
			{
				"lengthInSteps": 16,
				"typeOfSection": 0,
				"sectionNotes": [],
				"altAnim": false,
				"bpm": 140,
				"changeBPM": false,
				"mustHitSection": true
			},
			{
				"sectionNotes": [],
				"typeOfSection": 0,
				"lengthInSteps": 16,
				"altAnim": false,
				"mustHitSection": true,
				"changeBPM": false,
				"bpm": 140
			},
			{
				"lengthInSteps": 16,
				"typeOfSection": 0,
				"sectionNotes": [],
				"altAnim": false,
				"bpm": 140,
				"changeBPM": false,
				"mustHitSection": true
			},
			{
				"sectionNotes": [],
				"typeOfSection": 0,
				"lengthInSteps": 16,
				"altAnim": false,
				"mustHitSection": true,
				"changeBPM": false,
				"bpm": 140
			},
			{
				"sectionNotes": [],
				"typeOfSection": 0,
				"lengthInSteps": 16,
				"altAnim": false,
				"mustHitSection": true,
				"changeBPM": false,
				"bpm": 140
			},
			{
				"lengthInSteps": 16,
				"typeOfSection": 0,
				"sectionNotes": [],
				"altAnim": false,
				"bpm": 140,
				"changeBPM": false,
				"mustHitSection": true
			},
			{
				"lengthInSteps": 16,
				"typeOfSection": 0,
				"sectionNotes": [],
				"altAnim": false,
				"bpm": 140,
				"changeBPM": false,
				"mustHitSection": true
			},
			{
				"lengthInSteps": 16,
				"typeOfSection": 0,
				"sectionNotes": [],
				"altAnim": false,
				"bpm": 140,
				"changeBPM": false,
				"mustHitSection": true
			},
			{
				"sectionNotes": [],
				"typeOfSection": 0,
				"lengthInSteps": 16,
				"altAnim": false,
				"mustHitSection": true,
				"changeBPM": false,
				"bpm": 140
			},
			{
				"sectionNotes": [],
				"typeOfSection": 0,
				"lengthInSteps": 16,
				"altAnim": false,
				"mustHitSection": true,
				"changeBPM": false,
				"bpm": 140
			},
			{
				"sectionNotes": [],
				"typeOfSection": 0,
				"lengthInSteps": 16,
				"altAnim": false,
				"mustHitSection": true,
				"changeBPM": false,
				"bpm": 140
			},
			{
				"sectionNotes": [],
				"typeOfSection": 0,
				"lengthInSteps": 16,
				"altAnim": false,
				"mustHitSection": true,
				"changeBPM": false,
				"bpm": 140
			},
			{
				"sectionNotes": [],
				"typeOfSection": 0,
				"lengthInSteps": 16,
				"altAnim": false,
				"mustHitSection": true,
				"changeBPM": false,
				"bpm": 140
			},
			{
				"sectionNotes": [],
				"typeOfSection": 0,
				"lengthInSteps": 16,
				"altAnim": false,
				"mustHitSection": true,
				"changeBPM": false,
				"bpm": 140
			},
			{
				"lengthInSteps": 16,
				"typeOfSection": 0,
				"sectionNotes": [],
				"altAnim": false,
				"bpm": 140,
				"changeBPM": false,
				"mustHitSection": true
			},
			{
				"sectionNotes": [],
				"typeOfSection": 0,
				"lengthInSteps": 16,
				"altAnim": false,
				"mustHitSection": true,
				"changeBPM": false,
				"bpm": 140
			},
			{
				"lengthInSteps": 16,
				"typeOfSection": 0,
				"sectionNotes": [],
				"altAnim": false,
				"bpm": 140,
				"changeBPM": false,
				"mustHitSection": true
			},
			{
				"sectionNotes": [],
				"typeOfSection": 0,
				"lengthInSteps": 16,
				"gfSection": false,
				"altAnim": false,
				"mustHitSection": true,
				"changeBPM": false,
				"bpm": 140
			},
			{
				"gfSection": false,
				"lengthInSteps": 16,
				"altAnim": false,
				"typeOfSection": 0,
				"sectionNotes": [],
				"bpm": 140,
				"changeBPM": false,
				"mustHitSection": true
			},
			{
				"gfSection": false,
				"lengthInSteps": 16,
				"altAnim": false,
				"typeOfSection": 0,
				"sectionNotes": [],
				"bpm": 140,
				"changeBPM": false,
				"mustHitSection": true
			},
			{
				"gfSection": false,
				"lengthInSteps": 16,
				"altAnim": false,
				"typeOfSection": 0,
				"sectionNotes": [],
				"bpm": 140,
				"changeBPM": false,
				"mustHitSection": true
			}
		],
		"gfVersion": "gf",
		"events": [],
		"player3": null,
		"song": "you-cant-run",
		"needsVoices": true,
		"validScore": true,
		"stage": "Forest",
		"speed": 3.3,
		"bpm": 140,
		"noteStyle": null
	}
}